HANDLE,TITLE,QTY,PRICE,IMAGE,WIDTH,LENGTH
kelim-old-246x156,Kelim Old 246x156,1,9990,https://cdn.shopify.com/s/files/1/0608/7108/2233/products/6a1c66_1d1ebb7c63d94bd5beb6b9ae65bfdc50_mv2_d_2112_3384_s_2.jpg?v=1675134915,156,246
yalameh-200x130,Yalameh 200x130,1,14900,https://cdn.shopify.com/s/files/1/0608/7108/2233/products/6a1c66_f2759227efe6450488d168e5cb8e718a_mv2_d_2199_3063_s_2.jpg?v=1675134913,130,200
moud-201x148,Moud 201x148,-1,19900,https://cdn.shopify.com/s/files/1/0608/7108/2233/products/6a1c66_fb764424e33b4c6dba6e44d1fa299be6_mv2_d_1850_2568_s_2.jpg?v=1675134909,148,201
kasghai-198x132,Kasghai 198x132,1,14900,https://cdn.shopify.com/s/files/1/0608/7108/2233/products/6a1c66_ad83848c6bbc45f7bee48cc64fbb7f23_mv2_d_1733_2628_s_2.jpg?v=1675134907,132,198
bidjar-200x116,(SOLGT) Bidjar 200x116,0,39900,https://cdn.shopify.com/s/files/1/0608/7108/2233/products/8db1b0_1778ea902c9c49be9ec82adb4e58c6d9_mv2_d_1612_2747_s_2.jpg?v=1675134905,116,200
nain-193x77-1,Nain 193x77,0,7950,https://cdn.shopify.com/s/files/1/0608/7108/2233/products/8db1b0_3eba4f6e2fe94008a72ddd8668f09273_mv2_d_1314_3377_s_2.jpg?v=1675134902,77,193
solgt-yalameh-203x81-1,(SOLGT) Yalameh 203x81,-1,12900,https://cdn.shopify.com/s/files/1/0608/7108/2233/products/8db1b0_e44fc49483784d4e9047a6a158f52448_mv2.jpg?v=1675134891,81,203
solgt-bidjar-200x80-1,(SOLGT) Bidjar 200x80,-1,14900,https://cdn.shopify.com/s/files/1/0608/7108/2233/products/8db1b0_9dc9e494144a413a8458841a97945444_mv2.jpg?v=1675134882,80,200
bidjar-232x78-1,(SOLGT) Bidjar 232x78,-1,12900,https://cdn.shopify.com/s/files/1/0608/7108/2233/products/8db1b0_6b12e8fedf0647579101d7cc0379cab5_mv2.jpg?v=1675134861,78,232
moud-mahi-244x79,Moud Mahi 244x79,1,12990,https://cdn.shopify.com/s/files/1/0608/7108/2233/products/8db1b0_11c6206695094f33af4ddb5aed7266e1_mv2.jpg?v=1675134850,79,244
moud-mahi-246x79,Moud Mahi 246x79,1,12990,https://cdn.shopify.com/s/files/1/0608/7108/2233/products/8db1b0_173d979795bb478cb467f990fe50bbab_mv2.jpg?v=1675134839,79,246
nain-210x71,(SOLGT) Nain 6 LA 210x71,-1,22800,https://cdn.shopify.com/s/files/1/0608/7108/2233/products/8db1b0_dca6667809a9488fb2b59285539f3bfe_mv2.jpg?v=1675134829,71,210
nain-192x77,Nain 192x77,1,5990,https://cdn.shopify.com/s/files/1/0608/7108/2233/products/8db1b0_f14e50fb45964135b07fafea89bbe734_mv2.jpg?v=1675134818,77,192
nain-186x80-1,Nain 186x80,1,9990,https://cdn.shopify.com/s/files/1/0608/7108/2233/products/8db1b0_45ad8fbf7f3b432d89740b854a7af508_mv2.jpg?v=1675134802,80,186
solgt-gabbeh-fine-203x152,(SOLGT) Gabbeh Fine 203x152,-1,24800,https://cdn.shopify.com/s/files/1/0608/7108/2233/products/8db1b0_008137298bfe44318f4b01ac3877916d_mv2_d_2836_3738_s_4_2.jpg?v=1675134718,152,203
gabbeh-fine-198x148,Gabbeh Fine 198x148,1,14900,https://cdn.shopify.com/s/files/1/0608/7108/2233/products/8db1b0_974ee0c7a8d34c5491013d1169c6836d_mv2_d_2731_3608_s_4_2.jpg?v=1675134709,148,198
gabbeh-fine-204x154,Gabbeh Fine 204x154,1,14900,https://cdn.shopify.com/s/files/1/0608/7108/2233/products/8db1b0_2308b31454964787804a56e7fd004777_mv2_d_2332_3027_s_2.jpg?v=1675134697,154,204
moud-207x142,Moud 207x142,0,14900,https://cdn.shopify.com/s/files/1/0608/7108/2233/products/8db1b0_5f367ecb03c640c1bbba965276e8e70f_mv2_d_3648_5200_s_4_2.jpg?v=1675134644,142,207
bidjar-fine-192x116,Bidjar Fine 192x116,-1,24900,https://cdn.shopify.com/s/files/1/0608/7108/2233/products/8db1b0_1e5d6491086d4af7a8528e0c8b422213_mv2_d_1301_2348_s_2.jpg?v=1675134611,116,192
moud-mahi-204x150-1,Moud Mahi 204x150,1,14990,https://cdn.shopify.com/s/files/1/0608/7108/2233/products/8db1b0_d84af5529015430eab425b610ab560bc_mv2_d_1814_2464_s_2.jpg?v=1675134600,150,204
bidjar-220x142-1,(SOLGT) Bidjar 220x142,0,29990,https://cdn.shopify.com/s/files/1/0608/7108/2233/products/bidjar-220x142-429870.jpg?v=1675154666,142,220
mal-bidjar-220x140,"""MAL"" Bidjar 220x140",0,29990,https://cdn.shopify.com/s/files/1/0608/7108/2233/products/8db1b0_23ff03b78b4d40cbb09cd2a6be41a25b_mv2_d_1684_2611_s_2_0dd2b3a3-e664-4538-9a81-4500ffe525b8.jpg?v=1675134568,140,220
solgt-keshan-157x100,(SOLGT) Keshan 157x100,-1,7990,https://cdn.shopify.com/s/files/1/0608/7108/2233/products/8db1b0_031dc6d853434026ab1ed2cc4620705b_mv2.jpg?v=1675134557,100,157
keshan-159x98,(SOLGT)Keshan 159x98,0,7990,https://cdn.shopify.com/s/files/1/0608/7108/2233/products/8db1b0_20375a6bbf174ebeb076cf48329f7996_mv2_d_1371_2195_s_2.jpg?v=1675134547,98,159
keshan-212x144,Keshan 212x144,1,14900,https://cdn.shopify.com/s/files/1/0608/7108/2233/products/8db1b0_f70b1b82d74c41759c60d606315c0da2_mv2_d_2486_3669_s_4_2.jpg?v=1675134538,144,212
keshan-215x140,Keshan 215x140,1,14900,https://cdn.shopify.com/s/files/1/0608/7108/2233/products/8db1b0_8a2ba99409d0421fb276a7c7c4439dee_mv2_d_2450_3709_s_4_2.jpg?v=1675134529,140,215
keshan-298x104,Keshan 298x104,1,14900,https://cdn.shopify.com/s/files/1/0608/7108/2233/products/8db1b0_721ffec7f10f48298b5c28ef37ebc0c1_mv2_d_1265_3388_s_2.jpg?v=1675134515,104,298
solgt-tabriz-290x200,(SOLGT) Tabriz 290x200,-1,24900,https://cdn.shopify.com/s/files/1/0608/7108/2233/products/8db1b0_255538adfb6e4c5b88fe2fd29e3191a4_mv2_d_2567_3876_s_4_2.jpg?v=1675134505,200,290
solgt-keshan-407x287,(SOLGT) Keshan 407x287,-1,39900,https://cdn.shopify.com/s/files/1/0608/7108/2233/products/8db1b0_0ac2ee75556e4eee990dfa4e1e7756cd_mv2_d_3242_4451_s_4_2.jpg?v=1675134488,287,407
gholtugh-131x79,Gholtugh 131x79,1,2990,https://cdn.shopify.com/s/files/1/0608/7108/2233/products/8db1b0_e84d592d8d414796b4930542bb1b1277_mv2_d_1426_2310_s_2.jpg?v=1675134477,79,131
solgt-sarough-151x100,(SOLGT) Sarough 151x100,-1,6990,https://cdn.shopify.com/s/files/1/0608/7108/2233/products/8db1b0_8458f5510bf0459e88e14941ad8ad338_mv2_d_2029_3077_s_2.jpg?v=1675134474,100,151
solgt-turkeman-148x104,(SOLGT) Turkeman 148x104,-1,8990,https://cdn.shopify.com/s/files/1/0608/7108/2233/products/8db1b0_fa95a2602a6e4566ad4099a85ce09062_mv2_d_1490_2234_s_2.jpg?v=1675134456,104,148
sarough-135x67,(SOLGT) Sarough 135x67,1,3490,https://cdn.shopify.com/s/files/1/0608/7108/2233/products/8db1b0_2b97fb4905e74ab2a7d997cdd9b7db2b_mv2.jpg?v=1675134445,67,135
shahsavan-142x73,Shahsavan 142x73,1,2990,https://cdn.shopify.com/s/files/1/0608/7108/2233/products/8db1b0_7fdbad21de4f4c92bf2bd526c93d083b_mv2.jpg?v=1675134435,73,142
solgt-abadeh-145x60,(SOLGT) Abadeh 145x60,-1,2990,https://cdn.shopify.com/s/files/1/0608/7108/2233/products/8db1b0_c4b3af462a294d11a989ef93be92515d_mv2.jpg?v=1675134432,60,145
solgt-lilian-159x87,(SOLGT) Lilian 159x87,-1,5990,https://cdn.shopify.com/s/files/1/0608/7108/2233/products/8db1b0_e841354227b0482887d57fc991652796_mv2_d_1567_2822_s_2.jpg?v=1675134429,87,159
lilian-137x75,Lilian 137x75,1,3900,https://cdn.shopify.com/s/files/1/0608/7108/2233/products/8db1b0_7fa354421cba4449999b7421dbf9fcad_mv2.jpg?v=1675134418,75,137
solgt-kashghai-146x105,(SOLGT) Kashghai 146x105,-1,5990,https://cdn.shopify.com/s/files/1/0608/7108/2233/products/8db1b0_288c06217d5f46239183d062d4c77435_mv2_d_1943_2791_s_2.jpg?v=1675134407,105,146
solgt-kashghai-145x110,(SOLGT) Kashghai 145x110,-1,5990,https://cdn.shopify.com/s/files/1/0608/7108/2233/products/8db1b0_b4ca4f182b6240cda1b5a69570271439_mv2_d_2054_2771_s_2.jpg?v=1675134393,110,145
nain-193x77,Nain 193x77,1,5990,https://cdn.shopify.com/s/files/1/0608/7108/2233/products/8db1b0_dbec0f24307146b181b27d7bd8995859_mv2_d_1314_3377_s_2.jpg?v=1675134382,77,193
solgt-yalameh-203x81,(SOLGT) Yalameh 203x81,-1,12900,https://cdn.shopify.com/s/files/1/0608/7108/2233/products/8db1b0_6022050eacc94ef6a69fff7802a636ef_mv2.jpg?v=1675134372,81,203
bidjar-232x78,Bidjar 232x78,1,13900,https://cdn.shopify.com/s/files/1/0608/7108/2233/products/8db1b0_6cb539f84d76421c833f2af220517d9b_mv2.jpg?v=1675134352,78,232
moud-244x79,Moud 244x79,1,12900,https://cdn.shopify.com/s/files/1/0608/7108/2233/products/8db1b0_963afd473b944b239dbd7a1b97a8c8ed_mv2.jpg?v=1675134340,79,244
moud-246x79,Moud 246x79,0,12900,https://cdn.shopify.com/s/files/1/0608/7108/2233/products/8db1b0_13f60edcdcf749a79f053f0d74eb8f99_mv2.jpg?v=1675134327,79,246
nain-ekstra-fin-6la-210x71,(SOLGT) Nain ekstra fin 6la 210x71,1,14900,https://cdn.shopify.com/s/files/1/0608/7108/2233/products/8db1b0_92d713a0439a42eaa64c0b3c81d39546_mv2.jpg?v=1675134316,71,210
nain-186x80,Nain 9LA 186x80,0,14900,https://cdn.shopify.com/s/files/1/0608/7108/2233/products/8db1b0_6ba0ddc040eb4c838fa4069b3f849a41_mv2.jpg?v=1675134305,80,186
gabbeh-204x154,Gabbeh 204x154,1,15900,https://cdn.shopify.com/s/files/1/0608/7108/2233/products/8db1b0_08492460f0b444b5844fb5efc7ca90a0_mv2_d_2332_3027_s_2.jpg?v=1675134294,154,204
yalameh-200x151,Yalameh 200x151,1,14900,https://cdn.shopify.com/s/files/1/0608/7108/2233/products/8db1b0_053c35b0f6e94d279c5b75525b398c93_mv2_d_1906_2583_s_2.jpg?v=1675134284,151,200
moud-207x149,Moud 207x149,1,14900,https://cdn.shopify.com/s/files/1/0608/7108/2233/products/8db1b0_5bb69e4d832b4cab8f01d873086e0d3d_mv2_d_3648_5200_s_4_2.jpg?v=1675134260,149,207
bidjar-192x116,(SOLGT) Bidjar 192x116,0,39900,https://cdn.shopify.com/s/files/1/0608/7108/2233/products/8db1b0_e714e734bd2b4a69b49eab8156b2cabc_mv2_d_1488_2493_s_2.jpg?v=1675134239,116,192
moud-220x147,Moud 220x147,0,14900,https://cdn.shopify.com/s/files/1/0608/7108/2233/products/8db1b0_b8389795b1fe43d6a2807c8f29a8d9ef_mv2_d_3698_5106_s_4_2.jpg?v=1675134228,147,220
moud-mahi-204x150,Moud Mahi 204x150,0,14900,https://cdn.shopify.com/s/files/1/0608/7108/2233/products/8db1b0_38cdcfb5548c45479b9f1716d230011b_mv2_d_1814_2464_s_2.jpg?v=1675134217,150,204
keshan-230x137,Keshan 230x137,1,19900,https://cdn.shopify.com/s/files/1/0608/7108/2233/products/8db1b0_efaec3206ab54d9eb77af25012f38748_mv2_d_1906_3189_s_2.jpg?v=1675134206,137,230
bidjar-220x142,(SOLGT) Bidjar 220x142,-1,14900,https://cdn.shopify.com/s/files/1/0608/7108/2233/products/8db1b0_a1653eaa4c9c4479955f5d7bb21de6a5_mv2_d_1684_2611_s_2.jpg?v=1675134197,142,220
nain-252x195,(SOLGT) Nain 252x195,1,24900,https://cdn.shopify.com/s/files/1/0608/7108/2233/products/8db1b0_8dfb46ee75ae49b19e5f6c59ce020e3b_mv2_d_2376_3078_s_2.jpg?v=1675134157,195,252
solgt-moud-300x202,(SOLGT) Moud 300x202,-1,34900,https://cdn.shopify.com/s/files/1/0608/7108/2233/products/8db1b0_a19c4978380a432180ae10962949d719_mv2_d_2607_3942_s_4_2.jpg?v=1675134146,202,300
nain-302x198,(SOLGT) Nain fine 9LA 302x198,0,34900,https://cdn.shopify.com/s/files/1/0608/7108/2233/products/8db1b0_fee51de2259844ad9188de26ec99bb42_mv2_d_2312_3510_s_2.jpg?v=1675134134,198,302
nain-303x201,(SOLGT) Nain 303x201,0,24900,https://cdn.shopify.com/s/files/1/0608/7108/2233/products/8db1b0_5a9d93fb1e064348a236ae5354469bea_mv2_d_2369_3487_s_2.jpg?v=1675134123,201,303
nain-237x154-solgt,Nain 237x154 (SOLGT:-),0,39990,https://cdn.shopify.com/s/files/1/0608/7108/2233/products/8db1b0_7f6da66f75fd4d2bb66c64c6ab3ebd01_mv2_d_2448_3929_s_4_2.jpg?v=1675134112,154,237
solgt-nain-144x96,(SOLGT) Nain 144x96,-1,12900,https://cdn.shopify.com/s/files/1/0608/7108/2233/products/8db1b0_c1a16a70ed774aee9a31dbef9fecfe84_mv2_d_2544_4043_s_4_2.jpg?v=1675134091,96,144
tabriz-145x104,Tabriz 145x104,1,12900,https://cdn.shopify.com/s/files/1/0608/7108/2233/products/8db1b0_e20b90fb561f4d5cbd5caab981e16dcf_mv2_d_2325_3339_s_2.jpg?v=1675134047,104,145
solgt-moud-146x96,(SOLGT) Moud 146x96,-1,6990,https://cdn.shopify.com/s/files/1/0608/7108/2233/products/8db1b0_4e9239a1ab284fe4aad453aced552bed_mv2_d_1294_2021_s_2.jpg?v=1675134029,96,146
solgt-senneh-138x127,(SOLGT) Senneh 138x127,-1,14900,https://cdn.shopify.com/s/files/1/0608/7108/2233/products/8db1b0_685d1ff6d1934aeda437cb320958fabe_mv2_d_2893_3132_s_4_2.jpg?v=1675134019,127,138
senneh-393x92,Senneh 393x92,1,19900,https://cdn.shopify.com/s/files/1/0608/7108/2233/products/8db1b0_51c7c7f5c0814e48b77f1d7b195328b4_mv2_d_1305_5308_s_2.jpg?v=1675134015,92,393
sennneh-152x120,Sennneh 152x120,1,5990,https://cdn.shopify.com/s/files/1/0608/7108/2233/products/8db1b0_dd98b4fd91f940dc915e3280a994d0ca_mv2_d_1504_1896_s_2.jpg?v=1675134013,120,152
solgt-senneh-151x124,(SOLGT) Senneh 151x124,-1,9900,https://cdn.shopify.com/s/files/1/0608/7108/2233/products/8db1b0_7259596793094013b971d231a80c20fe_mv2_d_1517_1870_s_2.jpg?v=1675134010,124,151
senneh-153x130,Senneh 153x130,1,7990,https://cdn.shopify.com/s/files/1/0608/7108/2233/products/8db1b0_de4006d069184d33911bfd5725af56e2_mv2_d_1604_1898_s_2.jpg?v=1675134008,130,153
tabriz-120x80,Tabriz 120x80,1,14900,https://cdn.shopify.com/s/files/1/0608/7108/2233/products/8db1b0_ff53ef5527e3418db1f659ba357a7ab6_mv2_d_1890_2754_s_2.jpg?v=1675134000,80,120
tabriz-105x75,Tabriz 105x75,1,9900,https://cdn.shopify.com/s/files/1/0608/7108/2233/products/8db1b0_e2c9ec6a95b54da0894b427f3fd48274_mv2.jpg?v=1675133997,75,105
tabriz-300x88,Tabriz 300x88,1,29900,https://cdn.shopify.com/s/files/1/0608/7108/2233/products/8db1b0_328669d1ed6e4f6f8dc3ed3c65a210ca_mv2_d_1347_4467_s_2.jpg?v=1675133987,88,300
tarbiz-124x83,Tarbiz 124x83,1,14900,https://cdn.shopify.com/s/files/1/0608/7108/2233/products/8db1b0_5fb080e4754444ed9dbf5f5f161cbedc_mv2.jpg?v=1675133982,83,124
bidjar-205x74,(SOLGT) Bidjar 205x74,-1,9900,https://cdn.shopify.com/s/files/1/0608/7108/2233/products/8db1b0_8a0988ca205e46448b8b4a36bd7fc615_mv2_d_1301_3540_s_2.jpg?v=1675133978,74,205
bidjar-291x86,Bidjar 291x86,-1,19900,https://cdn.shopify.com/s/files/1/0608/7108/2233/products/8db1b0_f0c2b7f2c6c04f09af238ec022f773f2_mv2_d_1332_4272_s_2.jpg?v=1675133975,86,291
bidjar-med-silke-254x77-solgt,Bidjar med silke 254x77 (SOLGT),-1,29900,https://cdn.shopify.com/s/files/1/0608/7108/2233/products/8db1b0_8e3b9adc77a2430ea858df3ae3a0d20b_mv2.png?v=1675133973,77,254
yalameh-202x85,Yalameh 202x85,1,8990,https://cdn.shopify.com/s/files/1/0608/7108/2233/products/8db1b0_1c4220e665f54b49814281eb9c4f2e2c_mv2_d_1222_2802_s_2.jpg?v=1675133968,85,202
yalameh-198x82,Yalameh 198x82,1,8990,https://cdn.shopify.com/s/files/1/0608/7108/2233/products/8db1b0_9b4656036144447781f9adc80a6e9a26_mv2.jpg?v=1675133965,82,198
solgt-sarough-155x110,(SOLGT) Sarough 155x110,-1,7990,https://cdn.shopify.com/s/files/1/0608/7108/2233/products/8db1b0_6641ddb3276e452086423c9ff0b40b84_mv2_d_2094_2841_s_2.jpg?v=1675133962,110,155
solgt-abadeh-168x108,(SOLGT) Abadeh 168x108,-1,6990,https://cdn.shopify.com/s/files/1/0608/7108/2233/products/8db1b0_2ed4ed58f711476baf93d20fbf64e9f2_mv2_d_2200_3385_s_2.jpg?v=1675133960,108,168
sarough-235x130,Sarough 235x130,0,27800,https://cdn.shopify.com/s/files/1/0608/7108/2233/products/8db1b0_b5272957db5e44c0978233f76e104e98_mv2_d_2077_3630_s_2.jpg?v=1675133957,130,235
sarough-214x138,Sarough 214x138,1,13900,https://cdn.shopify.com/s/files/1/0608/7108/2233/products/8db1b0_d6b79568bc944dc9bc884f489b06d559_mv2_d_1673_2733_s_2.jpg?v=1675133955,138,214
sarough-310x197,(SOLGT) Sarough 310x197,-1,19900,https://cdn.shopify.com/s/files/1/0608/7108/2233/products/8db1b0_d4e475fbb63d4f4c81016563ea29ca8b_mv2_d_2547_4075_s_4_2.jpg?v=1675133952,197,310
sarough-210x130-solgt,Sarough 210x130 (SOLGT),-1,29900,https://cdn.shopify.com/s/files/1/0608/7108/2233/products/8db1b0_cc37bbb39d9a43f7a18028bc70ba819e_mv2_d_1765_2840_s_2.jpg?v=1675133949,130,210
sarough-212x140,(SOLGT) Sarough 212x140,1,14900,https://cdn.shopify.com/s/files/1/0608/7108/2233/products/8db1b0_f8e6632058e44bdea0b52c6bba2bcd27_mv2_d_1509_2267_s_2.jpg?v=1675133946,140,212
sarough-200x131,Sarough 200x131,2,19900,https://cdn.shopify.com/s/files/1/0608/7108/2233/products/8db1b0_e6133ae6455d46ccaeae654913850488_mv2_d_1505_2322_s_2.jpg?v=1675133944,131,200
solgt-nain-146x96,(SOLGT) Nain 146x96,-1,7900,https://cdn.shopify.com/s/files/1/0608/7108/2233/products/8db1b0_7378abd02b684a19ae11be7dfd1c3c56_mv2_d_1391_2247_s_2.jpg?v=1675133941,96,146
solgt-nain-140x100,(SOLGT) Nain 140x100,-1,7990,https://cdn.shopify.com/s/files/1/0608/7108/2233/products/8db1b0_fd44ad0c47c742f282c830291841b4ef_mv2_d_1480_2142_s_2.jpg?v=1675133939,100,140
nain-ekstra-fin-6-la-akhevan-200x130,(SOLGT) Nain ekstra fin 6 La Akhevan 200x130,0,59900,https://cdn.shopify.com/s/files/1/0608/7108/2233/products/8db1b0_39554a685c1d48d0a93f9e5e10266126_mv2_d_2145_3252_s_2.jpg?v=1675133935,130,200
nain-102x71,(SOLGT) Nain 102x71,-1,3990,https://cdn.shopify.com/s/files/1/0608/7108/2233/products/8db1b0_8a9c0934cb604e55858556e746402b81_mv2.jpg?v=1675133933,71,102
isfahan-197x130,Isfahan 197x130,1,69900,https://cdn.shopify.com/s/files/1/0608/7108/2233/products/8db1b0_4e4e78b8b3c94dc3b96b9a81e6162349_mv2_d_1722_2628_s_2.jpg?v=1675133930,130,197
nain-90x64,Nain 90x64,-1,1990,https://cdn.shopify.com/s/files/1/0608/7108/2233/products/8db1b0_5380e3f2eec643afa17b48194e782e51_mv2_d_2626_3915_s_4_2.jpg?v=1675133921,64,90
nain-88x62,Nain 88x62,1,1990,https://cdn.shopify.com/s/files/1/0608/7108/2233/products/8db1b0_b1748b40159e4a029298ce499f68bcf3_mv2_d_2483_3771_s_4_2.jpg?v=1675133918,62,88
nain-90x60-1,Nain 90x60,-1,1990,https://cdn.shopify.com/s/files/1/0608/7108/2233/products/nain-90x60-787607.jpg?v=1675154835,60,90
solgt-senneh-151x121,(SOLGT) Senneh 151x121,-1,17890,https://cdn.shopify.com/s/files/1/0608/7108/2233/products/8db1b0_846547f2591f42e3ac074f78917defd2_mv2_d_1499_1857_s_2.jpg?v=1675133910,121,151
senneh-107x75,Senneh 107x75,1,1990,https://cdn.shopify.com/s/files/1/0608/7108/2233/products/8db1b0_2af1aa6e6dff4f6c87a6e76b3119d8eb_mv2_d_2842_4043_s_4_2.jpg?v=1675133900,75,107
senneh-114x75-1,Senneh 114x75,1,1990,https://cdn.shopify.com/s/files/1/0608/7108/2233/products/8db1b0_19ed405e5ecd46caad95fa85ceaa7fc3_mv2_d_2715_4212_s_4_2.jpg?v=1675133897,75,114
keshan-308x197,Keshan 308x197,1,19900,https://cdn.shopify.com/s/files/1/0608/7108/2233/products/8db1b0_e4bb0af4476c441b92af560e50ba4f12_mv2_d_1969_3119_s_2.jpg?v=1675133894,197,308
senneh-94x64,Senneh 94x64,1,1990,https://cdn.shopify.com/s/files/1/0608/7108/2233/products/8db1b0_e22c39b0a03c4717a3aca6758aeeaa5c_mv2.jpg?v=1675133890,64,94
isfahan-231x155-solgt,Isfahan 231x155 (SOLGT:-),0,79900,https://cdn.shopify.com/s/files/1/0608/7108/2233/products/8db1b0_f103d29c23754accae38f80857495600_mv2_d_2286_3450_s_2.jpg?v=1675133887,155,231
solgt-tabriz-292x196,(SOLGT) Tabriz 292x196,-1,24900,https://cdn.shopify.com/s/files/1/0608/7108/2233/products/8db1b0_814282c914254380a02a0ecce9ea63e3_mv2_d_2590_4035_s_4_2.jpg?v=1675133884,196,292
kelim-old-255x150,Kelim Old 255x150,1,12900,https://cdn.shopify.com/s/files/1/0608/7108/2233/products/6a1c66_03ca38cb4976405e9ceadabe69618d24_mv2_d_2112_3384_s_2.jpg?v=1675133882,150,255
senneh-107x78,Senneh 107x78,1,2490,https://cdn.shopify.com/s/files/1/0608/7108/2233/products/8db1b0_741c36bcfbe047abb9d27950f6b206c3_mv2.jpg?v=1675133879,78,107
senneh-114x75,Senneh 114x75,1,2490,https://cdn.shopify.com/s/files/1/0608/7108/2233/products/8db1b0_9958c3e102954503a539b6625a3d1d40_mv2.jpg?v=1675133876,75,114
kelim-old-300x171,Kelim Old 300x171,1,14900,https://cdn.shopify.com/s/files/1/0608/7108/2233/products/8db1b0_3d5ff2709dfd40cd990d147a7229311f_mv2.jpg?v=1675133867,171,300
kelim-old-197x138,Kelim Old 197x138,1,9990,https://cdn.shopify.com/s/files/1/0608/7108/2233/products/8db1b0_4c1d7001bcd0420fa53c3d0d1d04f860_mv2.jpg?v=1675133855,138,197
kelim-old-254x155,Kelim Old 254x155,1,12900,https://cdn.shopify.com/s/files/1/0608/7108/2233/products/8db1b0_c1ccb8e7de7a44b8ba13240b8d899d92_mv2.jpg?v=1675133844,155,254
kelim-old-222x122,Kelim Old 222x122,1,9990,https://cdn.shopify.com/s/files/1/0608/7108/2233/products/8db1b0_e6f4abdea026498a8f7818d14e6c3d42_mv2.jpg?v=1675133834,122,222
kelim-old-232x156,Kelim Old 232x156,1,9990,https://cdn.shopify.com/s/files/1/0608/7108/2233/products/8db1b0_59f27dcc04f6475397598e49086e0fd7_mv2.jpg?v=1675133822,156,232
kelim-old-197x145,Kelim Old 197x145,1,7990,https://cdn.shopify.com/s/files/1/0608/7108/2233/products/8db1b0_48bd8a792fca429498805465077c0ce4_mv2.jpg?v=1675133812,145,197
senneh-153x123,Senneh 153x123,1,5990,https://cdn.shopify.com/s/files/1/0608/7108/2233/products/8db1b0_6943cb8d042c4a10b943c82ae2bcb7af_mv2.jpg?v=1675133801,123,153
bakhtiar-157x111,Bakhtiar 157x111,1,5900,https://cdn.shopify.com/s/files/1/0608/7108/2233/products/8db1b0_b90e1105f0934ca68828cb7df7b6c7ad_mv2.jpg?v=1675133791,111,157
nain-141x93,Nain 141x93,0,3990,https://cdn.shopify.com/s/files/1/0608/7108/2233/products/8db1b0_22ac0ab1c26540fe8f4a255327d75a1b_mv2_d_1920_2832_s_2.jpg?v=1675133779,93,141
solgt-keshan-200x80,(SOLGT) Keshan 200x80,-1,9990,https://cdn.shopify.com/s/files/1/0608/7108/2233/products/8db1b0_22f0412a41284682b46cc0518386fef4_mv2.jpg?v=1675133777,80,200
nain-90x60,Nain 90x60,-1,2490,https://cdn.shopify.com/s/files/1/0608/7108/2233/products/8db1b0_8325c0de2bcb40848c94c2cc6024199b_mv2.jpg?v=1675133766,60,90
nain-fin-med-silke-175x120,Nain  fin med silke 175x120,1,14900,https://cdn.shopify.com/s/files/1/0608/7108/2233/products/8db1b0_cc5bc63488604b0f9c3a71b967903872_mv2.jpg?v=1675133763,120,175
nain-198x74,Nain 198x74,1,5990,https://cdn.shopify.com/s/files/1/0608/7108/2233/products/8db1b0_e75156f81b7c468794fb67ffa78e4314_mv2.jpg?v=1675133754,74,198
nain-ekstra-fin-6la-habibian-241x147,Nain ekstra fin 6la Habibian 241x147,1,44900,https://cdn.shopify.com/s/files/1/0608/7108/2233/products/8db1b0_4d618d1a81f5474ba9833bde1333585c_mv2.jpg?v=1675133746,147,241
nain-ekstra-fin-6-la-akhevan-231x153,(SOLGT) Nain ekstra fin 6 la Akhevan 231x153,-1,49900,https://cdn.shopify.com/s/files/1/0608/7108/2233/products/8db1b0_2ad385cad2c64cf0aee674821956d63a_mv2.jpg?v=1675133735,153,231
turkeman-196x80,(SOLGT) Turkaman 196x80,-1,3990,https://cdn.shopify.com/s/files/1/0608/7108/2233/products/8db1b0_991e79b6f3ca41b7b31badbc273e1deb_mv2.jpg?v=1675133726,80,196
turkeman-150x104,(SOLGT) Turkeman 150x104,0,4990,https://cdn.shopify.com/s/files/1/0608/7108/2233/products/8db1b0_13e377d5290a4563931072e0ce7ae914_mv2.jpg?v=1675133713,104,150
turkeman-157x103,Turkeman 157x103,-1,4990,https://cdn.shopify.com/s/files/1/0608/7108/2233/products/8db1b0_5f95a8959f7a412294656e37b8fe8860_mv2.jpg?v=1675133705,103,157
turkeman-278x85,Turkeman 278x85,0,14900,https://cdn.shopify.com/s/files/1/0608/7108/2233/products/8db1b0_e171184326ca4f97957a5542e0e0eb55_mv2.jpg?v=1675133696,85,278
gabbeh-137x85-solgt,Gabbeh 137x85 (SOLGT),-1,7990,https://cdn.shopify.com/s/files/1/0608/7108/2233/products/8db1b0_1b941023ea3f42ba84be2ddd87a3ed98_mv2.jpg?v=1675133688,85,137
senneh-394x90,Senneh 394x90,1,14900,https://cdn.shopify.com/s/files/1/0608/7108/2233/products/8db1b0_88edaf350357484f9cb36125ac6eef66_mv2.jpg?v=1675133658,90,394
senneh-151x120,(SOLGT) Senneh 151x120,-1,4990,https://cdn.shopify.com/s/files/1/0608/7108/2233/products/senneh-151x120-855516.jpg?v=1675154840,120,151
senneh-152x124-1,Senneh 152x124,1,5990,https://cdn.shopify.com/s/files/1/0608/7108/2233/products/8db1b0_b50612a85ca24a70b65c17c539f6f92f_mv2.jpg?v=1675133641,124,152
senneh-287x102,Senneh 287x102,1,14900,https://cdn.shopify.com/s/files/1/0608/7108/2233/products/8db1b0_5dbbb500f35f4ddb87de451356aeab4a_mv2.jpg?v=1675133632,102,287
moud-242x80,Moud 242x80,1,12900,https://cdn.shopify.com/s/files/1/0608/7108/2233/products/8db1b0_c138fd6ec9434199a23f015080163149_mv2.jpg?v=1675133615,80,242
moud-147x94,Moud 147x94,1,4990,https://cdn.shopify.com/s/files/1/0608/7108/2233/products/8db1b0_a737805357b44fdf9a4c684462ee2d22_mv2.jpg?v=1675133607,94,147
balutch-207x80,Balutch 207x80,1,3990,https://cdn.shopify.com/s/files/1/0608/7108/2233/products/8db1b0_c01df19410364be0afbe2d1960e2aecc_mv2.jpg?v=1675133597,80,207
balutch-169x74,Balutch 169x74,1,3990,https://cdn.shopify.com/s/files/1/0608/7108/2233/products/8db1b0_cffd60a0f3bf423f9be19a5aee338ea5_mv2.jpg?v=1675133593,74,169
solgt-moud-142x97,(SOLGT) Moud 142x97,-1,7990,https://cdn.shopify.com/s/files/1/0608/7108/2233/products/8db1b0_53b780b0fc79410ebe4fda49bcc4e1c0_mv2.jpg?v=1675133587,97,142
gabbeh-202x161,Gabbeh 202x161,1,15900,https://cdn.shopify.com/s/files/1/0608/7108/2233/products/8db1b0_3bb5b1057720418091d6e8682e8da0d1_mv2.jpg?v=1675133579,161,202
gabbeh-223x170,Gabbeh 223x170,1,19900,https://cdn.shopify.com/s/files/1/0608/7108/2233/products/8db1b0_9de308353eb04e6a856eb2e4561d61aa_mv2.jpg?v=1675133569,170,223
gabbeh-225x162-solgt,Gabbeh 225x162 (SOLGT),-1,27900,https://cdn.shopify.com/s/files/1/0608/7108/2233/products/8db1b0_09998e493a234e87b7b5f68afd4ffb0d_mv2.jpg?v=1675133553,162,225
gabbeh-137x88-solgt,Gabbeh 137x88 (SOLGT),-1,7900,https://cdn.shopify.com/s/files/1/0608/7108/2233/products/8db1b0_6d5985cf67d14ddab2ddf5dc56f45c15_mv2.jpg?v=1675133544,88,137
kashgai-245x154,(SOLGT) Kashgai 245x154,0,19900,https://cdn.shopify.com/s/files/1/0608/7108/2233/products/22b7a5_af8cbfd1b6ee428b82c1081e6158ef58_mv2.jpg?v=1675133524,154,245
gholtugh-155x102,Gholtugh 155x102,1,5990,https://cdn.shopify.com/s/files/1/0608/7108/2233/products/8db1b0_12d2b4bfe0414986b8981fbbd20eef75_mv2.jpg?v=1675133512,102,155
yayali-200x130,YAYALI 200x130,1,13900,https://cdn.shopify.com/s/files/1/0608/7108/2233/products/8db1b0_d1c0d0ec53a645c48976fb3a527ac625_mv2.png?v=1675133502,130,200
antikk-ersari-160x130,Antikk Ersari 160x130,1,9900,https://cdn.shopify.com/s/files/1/0608/7108/2233/products/8db1b0_93e213b5895f49a08666e429ce97f155_mv2.png?v=1675133493,130,160
antikk-kunduz-200x130,Antikk Kunduz 200x130,1,14990,https://cdn.shopify.com/s/files/1/0608/7108/2233/products/8db1b0_ea1a60bed5ae40afaa16584c9c89f12d_mv2.png?v=1675133486,130,200
antikk-yahyali-178x114,Antikk Yahyali 178x114,0,9900,https://cdn.shopify.com/s/files/1/0608/7108/2233/products/8db1b0_a469328d347142aeaa051096c3cf07f5_mv2.png?v=1675133460,114,178
antikk-yamut-119x116,Antikk Yamut 119x116,0,4990,https://cdn.shopify.com/s/files/1/0608/7108/2233/products/8db1b0_74c33263d35a479b84a27ba0f7ad74ad_mv2.png?v=1675133453,116,119
antikk-kazak-184x121,Antikk Kazak 184x121,1,9990,https://cdn.shopify.com/s/files/1/0608/7108/2233/products/antikk-kazak-184x121-800826.png?v=1675154400,121,184
yahyali-220x121,Yahyali 220x121,1,14900,https://cdn.shopify.com/s/files/1/0608/7108/2233/products/8db1b0_c6dc04a9df0f4c0a92e8015d0446838e_mv2.png?v=1675133436,121,220
fine-figurativ-bedeteppe-117x92,Fine figurativ bedeteppe 117x92,1,4990,https://cdn.shopify.com/s/files/1/0608/7108/2233/products/8db1b0_d382fd8444084b58a940c4ee7ac8919e_mv2.jpg?v=1675133429,92,117
antikk-yanmut-zahir-shahi-133x107,"Antikk Yanmut ""Zahir Shahi"" 133x107",0,39900,https://cdn.shopify.com/s/files/1/0608/7108/2233/products/8db1b0_e9472e9fc3264886aac019ac79b00bf9_mv2.png?v=1675133418,107,133
antikk-shirvan-150x100,Antikk Shirvan 150x100,1,19900,https://cdn.shopify.com/s/files/1/0608/7108/2233/products/8db1b0_ee03875e4621418aa36478571583e16c_mv2.png?v=1675133412,100,150
antikk-bokhara-182x98,Antikk Bokhara 182x98,1,9990,https://cdn.shopify.com/s/files/1/0608/7108/2233/products/8db1b0_62305dafbe97412aa325f73bc4caf757_mv2.png?v=1675133404,98,182
antikk-kazak-karabach-250x110,Antikk Kazak -Karabach 250x110,1,29900,https://cdn.shopify.com/s/files/1/0608/7108/2233/products/8db1b0_e3cb4f3a5bd6454bb165687694b2d325_mv2.png?v=1675133396,110,250
fine-beluch-220x105,FINE Beluch 220x105,1,7990,https://cdn.shopify.com/s/files/1/0608/7108/2233/products/8db1b0_f77b29969a6c4a8b969e139b84981c26_mv2.png?v=1675133389,105,220
antikk-zabol-213x115,Antikk Zabol 213x115,1,8990,https://cdn.shopify.com/s/files/1/0608/7108/2233/products/8db1b0_dac44d94ebba41c5a7e5357946d1601e_mv2.png?v=1675133382,115,213
semi-antikk-keshan-60-raj-220x138,Semi antikk Keshan 60 Raj 220x138,1,39900,https://cdn.shopify.com/s/files/1/0608/7108/2233/products/8db1b0_41437c7c75fc46f1982aa7e18bbb8a34_mv2.png?v=1675133375,138,220
semi-antikk-bidjar-270x130,Semi antikk Bidjar 270x130,1,24900,https://cdn.shopify.com/s/files/1/0608/7108/2233/products/8db1b0_2a6a6f5df12f43e48d35603d9336925f_mv2.png?v=1675133368,130,270
antikk-zabol-242x134,Antikk Zabol 242x134,0,18900,https://cdn.shopify.com/s/files/1/0608/7108/2233/products/8db1b0_b26d77178c844281b8e6ba167702046f_mv2.png?v=1675133361,134,242
antikk-ghochan-194x120,Antikk Ghochan 194x120,1,14900,https://cdn.shopify.com/s/files/1/0608/7108/2233/products/8db1b0_5e33e7183e334d929c22f86eb4d552d7_mv2.png?v=1675133346,120,194
hamadan-277x80,Hamadan 277x80,1,6990,https://cdn.shopify.com/s/files/1/0608/7108/2233/products/8db1b0_5f89d5da661b4b3282cc67aceaa473bf_mv2.png?v=1675133321,80,277
old-gabbeh-188x147-solgt,Old Gabbeh 188x147 (SOLGT),-1,15900,https://cdn.shopify.com/s/files/1/0608/7108/2233/products/8db1b0_74229f8c1dfa4ca9b27d91a4529952f1_mv2.png?v=1675133313,147,188
old-beluch-294x200,Old Beluch 294x200,1,14900,https://cdn.shopify.com/s/files/1/0608/7108/2233/products/8db1b0_dfe22a43d8424eee88c5506294de4071_mv2.png?v=1675133296,200,294
ariana-259x181,Ariana 259x181,1,19900,https://cdn.shopify.com/s/files/1/0608/7108/2233/products/8db1b0_6a6460072ce84b93baab065c10dd1811_mv2.png?v=1675133286,181,259
ariana-222x154-1,Ariana 222x154,1,17800,https://cdn.shopify.com/s/files/1/0608/7108/2233/products/8db1b0_0b72a1baca7f4188b9f9b60f1b8b74d1_mv2.png?v=1675133277,154,222
ziegler-modern-293x209-1,Ziegler modern 293x209,0,29900,https://cdn.shopify.com/s/files/1/0608/7108/2233/products/8db1b0_03e930ed95e64f50be38c7113828966c_mv2.png?v=1675133269,209,293
afghansk-kelim-farsh-290x203,Afghansk kelim-farsh 290x203,1,19900,https://cdn.shopify.com/s/files/1/0608/7108/2233/products/8db1b0_68fb70d34e1341c4ba96d1798409c17e_mv2.png?v=1675133246,203,290
bokhara-fine-279x198,Bokhara Fine 279x198,1,24900,https://cdn.shopify.com/s/files/1/0608/7108/2233/products/bokhara-fine-279x198-598467.png?v=1675154662,198,279
bokhara-297x208,Bokhara 297x208,1,24900,https://cdn.shopify.com/s/files/1/0608/7108/2233/products/bokhara-297x208-996761.png?v=1675154661,208,297
bokhara-198x160,Bokhara 198x160,1,14900,https://cdn.shopify.com/s/files/1/0608/7108/2233/products/8db1b0_e42f9998ba8c4199a60ba6eb22259990_mv2.png?v=1675133186,160,198
bokhara-291x202,Bokhara 291x202,1,19000,https://cdn.shopify.com/s/files/1/0608/7108/2233/products/bokhara-291x202-232551.png?v=1675154661,202,291
afghansk-kelim-farsh-286x202,Afghansk Kelim- farsh 286x202,0,35900,https://cdn.shopify.com/s/files/1/0608/7108/2233/products/8db1b0_6855282a5a914cb7a6771e4d18d7aaab_mv2.jpg?v=1675133170,202,286
ziegler-loper-294x86,Ziegler løper 294x86,1,9990,https://cdn.shopify.com/s/files/1/0608/7108/2233/products/8db1b0_4895faa142ac41cca00ceaaa272dc90d_mv2.png?v=1675133160,86,294
ziegler-loper-208x77,Ziegler løper 208x77,0,12800,https://cdn.shopify.com/s/files/1/0608/7108/2233/products/ziegler-loper-208x77-525894.png?v=1675154857,77,208
ziegler-loper-302x82,Ziegler løper 302x82,1,12900,https://cdn.shopify.com/s/files/1/0608/7108/2233/products/8db1b0_2169ffc648354cfd958685a867677ae7_mv2.jpg?v=1675133144,82,302
ziegler-254x84,Ziegler 254x84,1,9990,https://cdn.shopify.com/s/files/1/0608/7108/2233/products/8db1b0_8aa3aa6c28eb4c1c88eb1f758f9d556f_mv2.png?v=1675133136,84,254
kelim-sumak-maliky-146x100,Kelim Sumak Maliky 146x100,1,3990,https://cdn.shopify.com/s/files/1/0608/7108/2233/products/8db1b0_932c82112aca431d95f03cb1ab9f3ea3_mv2.png?v=1675133128,100,146
kelim-sumak-maliky-159x99,Kelim Sumak Maliky 159x99,1,3990,https://cdn.shopify.com/s/files/1/0608/7108/2233/products/8db1b0_b54ddca7ea4446ab85b72aa7db6b68b5_mv2.png?v=1675133107,99,159
kelim-sumak-maliky-144x95,Kelim Sumak Maliky 144x95,1,3990,https://cdn.shopify.com/s/files/1/0608/7108/2233/products/8db1b0_ac7a237187a94a2b8e1b970ab096b19c_mv2.png?v=1675133091,95,144
kelim-sumak-maliky-195x128,Kelim Sumak Maliky 195x128,1,7900,https://cdn.shopify.com/s/files/1/0608/7108/2233/products/8db1b0_63512bfd250d4e34b562e7034e4f47d7_mv2.png?v=1675133083,128,195
kelim-sumak-maliky-184x133,Kelim Sumak Maliky 184x133,1,7900,https://cdn.shopify.com/s/files/1/0608/7108/2233/products/8db1b0_62e64a75a58348cbbbb85ad97b63ad4e_mv2.png?v=1675133074,133,184
kelim-sumak-maliky-203x122-1,Kelim Sumak Maliky 203x122,1,8900,https://cdn.shopify.com/s/files/1/0608/7108/2233/products/8db1b0_db31e8ed1c4b45e7877078d10abeec3d_mv2.png?v=1675133065,122,203
kelim-sumak-maliky-185x120,Kelim Sumak Maliky 185x120,1,9900,https://cdn.shopify.com/s/files/1/0608/7108/2233/products/8db1b0_99dfecfbf1b74ade81ba8dafd906cc6d_mv2.png?v=1675133058,120,185
kelim-sumak-maliky-203x122,Kelim Sumak Maliky 203x122,1,9990,https://cdn.shopify.com/s/files/1/0608/7108/2233/products/8db1b0_c1a41821aa3346b5a0df4dd3ca8e6807_mv2.png?v=1675133052,122,203
ziegler-bakhtiari-276x81,Ziegler Bakhtiari 276x81,-1,9900,https://cdn.shopify.com/s/files/1/0608/7108/2233/products/ziegler-bakhtiari-276x81-118816.png?v=1675154856,81,276
ziegler-khorjin-313x88,Ziegler Khorjin 313x88,1,14900,https://cdn.shopify.com/s/files/1/0608/7108/2233/products/8db1b0_45e0b88af51244969fe6f1b3a454976e_mv2.png?v=1675133040,88,313
ziegler-khorjin-298x88,(SOLGT) Ziegler Khorjin 298x88,-1,11800,https://cdn.shopify.com/s/files/1/0608/7108/2233/products/8db1b0_d6add4d78577479aace863cac96c2d14_mv2.png?v=1675133034,88,298
ziegler-modern-296x209,(SOLGT) Ziegler Modern 296x209,0,29900,https://cdn.shopify.com/s/files/1/0608/7108/2233/products/8db1b0_1922a6c88db54a9298ecb81ac3d6eaa5_mv2.png?v=1675133028,209,296
ziegler-modern-243x182,Ziegler Modern 243x182,1,17800,https://cdn.shopify.com/s/files/1/0608/7108/2233/products/8db1b0_7a3da481c8cb41e59d36bc50b4069d85_mv2.jpg?v=1675133021,182,243
ziegler-modern-245x187,Ziegler Modern 245x187,1,18800,https://cdn.shopify.com/s/files/1/0608/7108/2233/products/ziegler-modern-245x187-117535.png?v=1675154857,187,245
ziegler-modern-293x209,Ziegler Modern 293x209,1,14900,https://cdn.shopify.com/s/files/1/0608/7108/2233/products/8db1b0_6ff00466cb034b418d060499b663139a_mv2.png?v=1675133009,209,293
ziegler-modern-224x165,Ziegler Modern 224x165,1,12900,https://cdn.shopify.com/s/files/1/0608/7108/2233/products/8db1b0_1c2490cfffe34e1b9777bf2d1650fbf9_mv2.png?v=1675133002,165,224
ziegler-modern-193x136,(SOLGT) Ziegler Modern 193x136,0,16900,https://cdn.shopify.com/s/files/1/0608/7108/2233/products/8db1b0_c2310119d8b041cdac58911c007be018_mv2.png?v=1675132993,136,193
ziegler-modern-246x79,(SOLGT) Ziegler Modern 246x79,0,12900,https://cdn.shopify.com/s/files/1/0608/7108/2233/products/8db1b0_ac4fc98b09c44b2aac95b2bf56d5bbc0_mv2.png?v=1675132987,79,246
ziegler-modern-291x80,(SOLGT) Ziegler Modern 291x80,0,14900,https://cdn.shopify.com/s/files/1/0608/7108/2233/products/8db1b0_e7e9000c1f584cb2a2fb17b3af2796e6_mv2.png?v=1675132981,80,291
ziegler-loper-197x83,Ziegler løper 197x83,0,9990,https://cdn.shopify.com/s/files/1/0608/7108/2233/products/ziegler-loper-197x83-514338.png?v=1675154856,83,197
kazak-120x88,Kazak 120x88,1,2990,https://cdn.shopify.com/s/files/1/0608/7108/2233/products/8db1b0_69fb9cc0aa7a4af48a31daa475cb6189_mv2.png?v=1675132967,88,120
kazak-117x81,Kazak 117x81,0,3990,https://cdn.shopify.com/s/files/1/0608/7108/2233/products/8db1b0_441f16c222544bf7beb33da646f5b2f9_mv2.png?v=1675132961,81,117
kazak-123x83,(SOLGT) Kazak 123x83,-1,2990,https://cdn.shopify.com/s/files/1/0608/7108/2233/products/8db1b0_183183c4ac1f4e24b125069a2d537661_mv2.png?v=1675132955,83,123
kazak-117x84,Kazak 117x84,1,2990,https://cdn.shopify.com/s/files/1/0608/7108/2233/products/8db1b0_01ca3ca114fe45b9be7fd7971e87fb5d_mv2.png?v=1675132948,84,117
kazak-120x84,Kazak 120x84,1,2990,https://cdn.shopify.com/s/files/1/0608/7108/2233/products/8db1b0_b5d392d01f5747cb96ad96683c396fa3_mv2.png?v=1675132921,84,120
ziegler-151x104,(SOLGT) Ziegler 151x104,-1,3990,https://cdn.shopify.com/s/files/1/0608/7108/2233/products/8db1b0_919e844431f74a9ca1baee6b08869ac5_mv2.png?v=1675132916,104,151
ziegler-khorjin-207x85,Ziegler Khorjin 207x85,1,7900,https://cdn.shopify.com/s/files/1/0608/7108/2233/products/8db1b0_6be4dcd7abec4f0882f899e0a8739823_mv2.png?v=1675132909,85,207
ziegler-295x75,Ziegler 295x75,1,11900,https://cdn.shopify.com/s/files/1/0608/7108/2233/products/8db1b0_0462f971ca394b32bb30cd4d8bffc6ba_mv2.png?v=1675132903,75,295
ariana-176x121-solgt,Ariana 176x121 (SOLGT),-1,14900,https://cdn.shopify.com/s/files/1/0608/7108/2233/products/8db1b0_2816c35f895f4d4fb2060f34f2a908e7_mv2.png?v=1675132892,121,176
ariana-151x106-solgt,Ariana 151x106 (SOLGT),-1,12800,https://cdn.shopify.com/s/files/1/0608/7108/2233/products/8db1b0_91e498172b3744e9b6d493e63cd9e0c6_mv2.png?v=1675132885,106,151
ariana-121x79,Ariana 121x79,1,4990,https://cdn.shopify.com/s/files/1/0608/7108/2233/products/8db1b0_38c65cb41c604c0098f5937eb079cb59_mv2.png?v=1675132880,79,121
ariana-198x154-1,Ariana 198x154,1,16900,https://cdn.shopify.com/s/files/1/0608/7108/2233/products/8db1b0_cf04dacb601c4397bc52f5f2453e13aa_mv2.png?v=1675132873,154,198
ariana-192x148-1,Ariana 192x148,1,12900,https://cdn.shopify.com/s/files/1/0608/7108/2233/products/8db1b0_441d4b1fed6740ab9c0a4c46f77c91f8_mv2.png?v=1675132866,148,192
ariana-200x148-1,Ariana 200x148,1,14800,https://cdn.shopify.com/s/files/1/0608/7108/2233/products/8db1b0_9346befc624b472d8591e6a4d1f0297b_mv2.png?v=1675132857,148,200
ariana-222x164,Ariana 222x164,1,17800,https://cdn.shopify.com/s/files/1/0608/7108/2233/products/8db1b0_51910903cbad406da9a53654c99d8646_mv2.png?v=1675132849,164,222
ariana-204x151-1,Ariana 204x151,1,14900,https://cdn.shopify.com/s/files/1/0608/7108/2233/products/8db1b0_5a2e3317598a4893a7afe604fbb3512a_mv2.png?v=1675132841,151,204
ariana-203x156,Ariana 203x156,1,14500,https://cdn.shopify.com/s/files/1/0608/7108/2233/products/8db1b0_e1ff0721e5de4d45a4c28c1cfd71a844_mv2.png?v=1675132832,156,203
ariana-217x153-1,Ariana 217x153,1,17800,https://cdn.shopify.com/s/files/1/0608/7108/2233/products/8db1b0_cfca36fa7013486b9c1dae19668e0a84_mv2.png?v=1675132824,153,217
ariana-201x156,Ariana 201x156,1,14900,https://cdn.shopify.com/s/files/1/0608/7108/2233/products/8db1b0_9afa43a96cd844c89de2b62d02a19d5f_mv2.png?v=1675132816,156,201
ariana-297x205,Ariana 297x205,1,25400,https://cdn.shopify.com/s/files/1/0608/7108/2233/products/8db1b0_db9472f11f95426fa859120fc66940fe_mv2.png?v=1675132807,205,297
ariana-271x175,Ariana 271x175,1,22500,https://cdn.shopify.com/s/files/1/0608/7108/2233/products/8db1b0_f72b4e1738894f97a833a838d1aed237_mv2.png?v=1675132798,175,271
ariana-277x204,Ariana 277x204,1,24500,https://cdn.shopify.com/s/files/1/0608/7108/2233/products/8db1b0_ba0c504f27e6418db826485f2a3dd2ff_mv2.jpg?v=1675132790,204,277
ariana-238x177,Ariana 238x177,1,17800,https://cdn.shopify.com/s/files/1/0608/7108/2233/products/ariana-238x177-173714.png?v=1675154406,177,238
ariana-243x172,Ariana 243x172,1,17800,https://cdn.shopify.com/s/files/1/0608/7108/2233/products/8db1b0_633d8c9952ce4f788912809b96348b44_mv2.png?v=1675132771,172,243
ariana-251x168,Ariana 251x168,1,19800,https://cdn.shopify.com/s/files/1/0608/7108/2233/products/8db1b0_c75950f4052347639d9d8de113634ed7_mv2.png?v=1675132761,168,251
ariana-236x175,Ariana 236x175,1,17800,https://cdn.shopify.com/s/files/1/0608/7108/2233/products/8db1b0_3e2d110189924bd584afa2f940229948_mv2.png?v=1675132754,175,236
khal-mohammadi-199x150,Khan Mohammadi 199x150,1,14900,https://cdn.shopify.com/s/files/1/0608/7108/2233/products/8db1b0_cf38035bac884e34875cda9e456e7cd9_mv2.png?v=1675132746,150,199
bidjar-zandjan-150x86,Bidjar Zandjan 150x86,0,7990,https://cdn.shopify.com/s/files/1/0608/7108/2233/products/8db1b0_588fe28f130b4882ae76614deff8d867_mv2.png?v=1675132738,86,150
bidjar-zandjan-150x85,(SOLGT) Bidjar Zandjan 150x85,-1,6990,https://cdn.shopify.com/s/files/1/0608/7108/2233/products/8db1b0_a2831bfebdfc446db23b1ad99cd6927e_mv2.png?v=1675132728,85,150
ziegler-loper-254x84,Ziegler Løper 254x84,1,9900,https://cdn.shopify.com/s/files/1/0608/7108/2233/products/8db1b0_959057e974b94b1fa90da278e8874261_mv2.png?v=1675132719,84,254
bidjar-tekab-158x72,Bidjar Tekab  158x72,1,19900,https://cdn.shopify.com/s/files/1/0608/7108/2233/products/8db1b0_131e29ae52a7475aacbc7c9281bfe0f0_mv2.png?v=1675132710,72,158
ariana-loper-309x84,Ariana  Løper 309x84,1,14900,https://cdn.shopify.com/s/files/1/0608/7108/2233/products/8db1b0_17b1da46f58b40248f36e2db0cfe92c0_mv2.png?v=1675132702,84,309
sumak-sirdjan-227x83,Sumak Sirdjan 227x83,1,14900,https://cdn.shopify.com/s/files/1/0608/7108/2233/products/8db1b0_38be45ea36f945f292018feed2b10df4_mv2.png?v=1675132692,83,227
khal-mohammadi-196x82,Khan Mohammadi 196x82,1,9900,https://cdn.shopify.com/s/files/1/0608/7108/2233/products/8db1b0_29fed4242e5c4cb584eeb9332cfc65ff_mv2.png?v=1675132683,82,196
bidjar-zandjan-148x84,Bidjar Zandjan 148x84,1,7950,https://cdn.shopify.com/s/files/1/0608/7108/2233/products/8db1b0_bd96dfc720d8486fab9de35eef649f64_mv2.png?v=1675132674,84,148
moud-mahi-207x78,Moud Mahi 207x78,1,7990,https://cdn.shopify.com/s/files/1/0608/7108/2233/products/8db1b0_580caa915bf440019e5f1f0a6cb474db_mv2.png?v=1675132665,78,207
turkeman-290x79,Turkeman 290x79,0,12400,https://cdn.shopify.com/s/files/1/0608/7108/2233/products/8db1b0_87f1d6c5bcbc4a538db694bf6c6fd753_mv2.png?v=1675132655,79,290
ziegler-bakhtiari-315x86,Ziegler Bakhtiari 315x86,1,14900,https://cdn.shopify.com/s/files/1/0608/7108/2233/products/8db1b0_052a386c04a24014a66cbed70804d612_mv2.jpg?v=1675132647,86,315
moud-mahi-278x80,Moud Mahi 278x80,1,14900,https://cdn.shopify.com/s/files/1/0608/7108/2233/products/8db1b0_d80cb735e0c848eab8a28d0427786485_mv2.png?v=1675132639,80,278
bidjar-fine-149x87,Bidjar FINE 149x87,1,8900,https://cdn.shopify.com/s/files/1/0608/7108/2233/products/8db1b0_bde58621098c4dd0ba64ea3108d28391_mv2.png?v=1675132630,87,149
bidjar-zandjan-144x88,Bidjar Zandjan 144x88,1,5990,https://cdn.shopify.com/s/files/1/0608/7108/2233/products/8db1b0_e3a68d25c99c4b4283943bb07bcdff07_mv2.png?v=1675132519,88,144
sarough-200x86,(SOLGT) Sarough 200x86,1,7800,https://cdn.shopify.com/s/files/1/0608/7108/2233/products/8db1b0_34ea9e61078f475697517e21bae29e1c_mv2.png?v=1675132480,86,200
nain-9la-337x65,Nain 9LA 337x65,1,12900,https://cdn.shopify.com/s/files/1/0608/7108/2233/products/8db1b0_c81e29ac648d468c87ef1b099328a022_mv2.png?v=1675132469,65,337
fine-bidjar-143x70,"""Fine"" Bidjar 143x70",1,19900,https://cdn.shopify.com/s/files/1/0608/7108/2233/products/8db1b0_8d4939fc00e7442a95980cc292beb9bc_mv2.png?v=1675132459,70,143
bidjar-zandjan-205x70,(SOLGT) Bidjar Zandjan 205x70,-1,9990,https://cdn.shopify.com/s/files/1/0608/7108/2233/products/8db1b0_e7ed1e2d75e74ea2a0598154f9eb5802_mv2.png?v=1675132448,70,205
khal-mohammadi-296x82,Khan Mohammadi 296x82,1,14900,https://cdn.shopify.com/s/files/1/0608/7108/2233/products/8db1b0_3a89ecd45afc4f4ba284e9706e67f5aa_mv2.png?v=1675132440,82,296
moud-mahi-198x80,Moud Mahi 198x80,1,8990,https://cdn.shopify.com/s/files/1/0608/7108/2233/products/8db1b0_1617c1f38aef47fe8672144e24722398_mv2.png?v=1675132429,80,198
shiraz-143x81,Shiraz 143x81,1,3990,https://cdn.shopify.com/s/files/1/0608/7108/2233/products/8db1b0_ac9292d241a349c7b1438aeda28c69ec_mv2.png?v=1675132418,81,143
ziegler-loper-301x82,Ziegler Løper 301x82,1,14900,https://cdn.shopify.com/s/files/1/0608/7108/2233/products/8db1b0_c808949f34e241bbb4248e52d191095e_mv2.png?v=1675132404,82,301
nain-kashmar-193x77,Nain  Kashmar 193x77,1,4990,https://cdn.shopify.com/s/files/1/0608/7108/2233/products/8db1b0_7cc170fe5cd34f48b16ca68831d3bec3_mv2.png?v=1675132394,77,193
ghochan-190x82,Ghochan 190x82,1,2990,https://cdn.shopify.com/s/files/1/0608/7108/2233/products/8db1b0_8bc7e96632094b20ad8e62fbba726205_mv2.png?v=1675132383,82,190
3-ply-pakistansk-249x77,(SOLGT) 3 Ply Pakistansk 249x77,1,5990,https://cdn.shopify.com/s/files/1/0608/7108/2233/products/22b7a5_41ea142664c1467fa06c9916ef42f0c5_mv2.jpg?v=1675132350,77,249
damask-303x80,Damask 303x80,1,9900,https://cdn.shopify.com/s/files/1/0608/7108/2233/products/8db1b0_fed285a1a246482ea1cae21e07e73895_mv2.png?v=1675132340,80,303
abadeh-171x89,Semi antikk Abadeh 171x89,1,6400,https://cdn.shopify.com/s/files/1/0608/7108/2233/products/8db1b0_221310d31c6a4434a546ece54d8f7654_mv2.png?v=1675132326,89,171
moud-mahi-300x75,Moud Mahi 300x75,1,14900,https://cdn.shopify.com/s/files/1/0608/7108/2233/products/8db1b0_cf381f1ea76849bc88904d1de53e780e_mv2.png?v=1675132315,75,300
khal-mohammadi-280x80,FINE Khan Mohammadi 280x82,1,12900,https://cdn.shopify.com/s/files/1/0608/7108/2233/products/8db1b0_3f94c6e98e704363a250666cc4795391_mv2.png?v=1675132299,82,280
nain-kashmar-244x79,Nain  Kashmar 244x79,1,5900,https://cdn.shopify.com/s/files/1/0608/7108/2233/products/8db1b0_d9fee5e0ddfa488f8749a82278a3c98c_mv2.png?v=1675132288,79,244
sarough-sherkat-342x70,Sarough Sherkat 342x70,1,17800,https://cdn.shopify.com/s/files/1/0608/7108/2233/products/8db1b0_5edfc2b4aa3f40eea8922e955f9477f2_mv2.png?v=1675132271,70,342
saveh-370x77,(SOLGT) Saveh 370x77,1,9900,https://cdn.shopify.com/s/files/1/0608/7108/2233/products/8db1b0_daa6eddbeccd4e209519d86f2920ce08_mv2.png?v=1675132260,77,370
nain-kashmar192x77,Nain  Kashmar192x77,0,5900,https://cdn.shopify.com/s/files/1/0608/7108/2233/products/8db1b0_6b6ec4e562b044ddb1fa87ee0c5dfdf0_mv2.png?v=1675132250,77,192
ariana-217x153,Ariana 217x153,1,14900,https://cdn.shopify.com/s/files/1/0608/7108/2233/products/8db1b0_71053f2168004084a25d032353beb56c_mv2.jpg?v=1675132220,153,217
keshan-ghab-siah-213x137,"Keshan ""GHAB SIAH"" 213x137",1,14900,https://cdn.shopify.com/s/files/1/0608/7108/2233/products/keshan-ghab-siah-213x137-619782.png?v=1675154724,137,213
bokhara-198x150,Bokhara 198x150,1,14900,https://cdn.shopify.com/s/files/1/0608/7108/2233/products/8db1b0_eb7031ab3bd749c69532d6cc33e5ed90_mv2.jpg?v=1675132199,150,198
nain-fine-med-silke-9la-210x136,Nain FINE med silke 9LA 210x136,1,19900,https://cdn.shopify.com/s/files/1/0608/7108/2233/products/8db1b0_568add9ef42a4e7fbca1a7fc93583648_mv2.jpg?v=1675132188,136,210
ardabil-sharkat-190x140,"Ardabil ""SHARKAT"" 190x140",1,14900,https://cdn.shopify.com/s/files/1/0608/7108/2233/products/22b7a5_aa2de5a253ff48bbb062985663cc63a3_mv2.jpg?v=1675132146,140,190
ariana-200x148,Ariana 200x148,1,14800,https://cdn.shopify.com/s/files/1/0608/7108/2233/products/8db1b0_bc2e5c49215b4609ba5cc75296f97516_mv2.jpg?v=1675132131,148,200
khal-mohammadi-200x151,Khan Mohammadi 200x151,1,14900,https://cdn.shopify.com/s/files/1/0608/7108/2233/products/8db1b0_3a674a46140747b18d16c325622bde45_mv2.jpg?v=1675132121,151,200
old-ardabil-235x135,OLD Ardabil  235x135,0,14900,https://cdn.shopify.com/s/files/1/0608/7108/2233/products/8db1b0_f0ea780921f94b6782813ffc9edabff1_mv2.jpg?v=1675132111,135,235
abadeh-sharkat-219x152,Abadeh Sharkat 219x152,1,14900,https://cdn.shopify.com/s/files/1/0608/7108/2233/products/8db1b0_0b506cb731934b42b9e2b6a2ee9d74d6_mv2.jpg?v=1675132092,152,219
yalameh200x153,Yalameh200x153,1,14900,https://cdn.shopify.com/s/files/1/0608/7108/2233/products/8db1b0_8333b6f62b574e5eb8004842479cf013_mv2.jpg?v=1675132081,153,200
nain-kashmar-214x155,Nain  Kashmar 214x155,0,13500,https://cdn.shopify.com/s/files/1/0608/7108/2233/products/8db1b0_1713a4e7c55644b2b5eea1668795b4ca_mv2.jpg?v=1675132071,155,214
khal-mohammadi-196x151,Khan Mohammadi 196x151,1,14900,https://cdn.shopify.com/s/files/1/0608/7108/2233/products/8db1b0_3fb8b7fc784747ce9743b8743bfcf5e5_mv2.jpg?v=1675132061,151,196
bidjar-halvaei-210x140,Bidjar Halvaei 210x140,1,37400,https://cdn.shopify.com/s/files/1/0608/7108/2233/products/8db1b0_4399b489930140d2a56e664aa4f807a0_mv2.jpg?v=1675132044,140,210
bidjar-halvaei-230x140,Bidjar Halvaei 230x140,1,39900,https://cdn.shopify.com/s/files/1/0608/7108/2233/products/8db1b0_80ba8f8259c64c02bb1ced32e1b24380_mv2.jpg?v=1675132033,140,230
keshan-kaff-sadeh-230x150,"Keshan ""Kaff sadeh)  230x150",1,19900,https://cdn.shopify.com/s/files/1/0608/7108/2233/products/8db1b0_47ab517d7d974087b5281e71fc705444_mv2.jpg?v=1675132023,150,230
bidjar-halvaei-233x146,Bidjar Halvaei 233x146,1,39900,https://cdn.shopify.com/s/files/1/0608/7108/2233/products/8db1b0_152ed7a5d6ea4e07933f12815dd7dcf7_mv2.jpg?v=1675132013,146,233
ariana-222x154,Ariana 222x154,1,17900,https://cdn.shopify.com/s/files/1/0608/7108/2233/products/8db1b0_cd4506a1de7848a6b96d5e5e4f922749_mv2.jpg?v=1675132001,154,222
ghom-qum-198x138,(SOLGT)Ghom - Qum 198x138,0,39900,https://cdn.shopify.com/s/files/1/0608/7108/2233/products/8db1b0_8c0fe925911d406e98fe8be64331454d_mv2.jpg?v=1675131990,138,198
ghom-qum-220x147,Ghom - Qum 220x147,2,24900,https://cdn.shopify.com/s/files/1/0608/7108/2233/products/8db1b0_99365bd178e84b9eae547988fcd347cd_mv2.jpg?v=1675131981,147,220
ariana-203x150,Ariana 203x150,1,14900,https://cdn.shopify.com/s/files/1/0608/7108/2233/products/8db1b0_38d101db15ea4af99efae3a49afa010f_mv2.jpg?v=1675131966,150,203
ariana-198x154,Ariana 198x154,1,14900,https://cdn.shopify.com/s/files/1/0608/7108/2233/products/8db1b0_8635c0e047e3469981ab88dcd025e953_mv2.jpg?v=1675131955,154,198
ariana-204x151,Ariana 204x151,1,13900,https://cdn.shopify.com/s/files/1/0608/7108/2233/products/8db1b0_5d149caa1c83453cb79c6653e2194126_mv2.jpg?v=1675131944,151,204
old-sarough-210x134,Old Sarough 210x134,1,14900,https://cdn.shopify.com/s/files/1/0608/7108/2233/products/8db1b0_653de20559154b31aa757a9d1d900256_mv2.jpg?v=1675131934,134,210
ariana-192x148,Ariana 192x148,1,12990,https://cdn.shopify.com/s/files/1/0608/7108/2233/products/8db1b0_04d65f56566843dcb21d8dd87a6476df_mv2.jpg?v=1675131923,148,192
tabriz-60raj-uval-med-silke-213x140,Tabriz 60Raj UVAL med silke 213x140,1,68400,https://cdn.shopify.com/s/files/1/0608/7108/2233/products/8db1b0_8c4fafb7868d4cc78da72f2bd2d49e11_mv2.jpg?v=1675131912,140,213
ghom-qum-202x130,Ghom - Qum 202x130,1,32800,https://cdn.shopify.com/s/files/1/0608/7108/2233/products/8db1b0_f3fa85f0752745668c5f9c00dd69e54b_mv2.jpg?v=1675131901,130,202
senneh-193x143,Senneh 193x143,1,19900,https://cdn.shopify.com/s/files/1/0608/7108/2233/products/8db1b0_5569b51418094c94b1371d174805b22b_mv2.jpg?v=1675131891,143,193
tabriz-mahi-med-silke-200x154,Tabriz Mahi med silke 200x154,1,24900,https://cdn.shopify.com/s/files/1/0608/7108/2233/products/8db1b0_f75adc2b120d4ed78263eb08fefe3f63_mv2.jpg?v=1675131881,154,200
tabriz-naghsheh-med-silke-200x150,"Tabriz ""Naghsheh"" med silke 200x150",1,39900,https://cdn.shopify.com/s/files/1/0608/7108/2233/products/8db1b0_33f9f9bd73bd4fe697b90331c1dae7a3_mv2.jpg?v=1675131871,150,200
tabriz-60-raj-navinfar-210x150-1,Tabriz 60 RAJ Navinfar 210x150,1,99900,https://cdn.shopify.com/s/files/1/0608/7108/2233/products/8db1b0_3a40b9e8e75a4cbfad338dbdc3c34013_mv2.jpg?v=1675131860,150,210
ghom-qum-211x140-solgt,Ghom - Qum 211x140 (SOLGT),-1,32400,https://cdn.shopify.com/s/files/1/0608/7108/2233/products/8db1b0_9a938b576d3f401ab9022d4820d91e97_mv2.jpg?v=1675131847,140,211
tabriz-60-raj-navinfar-210x150,Tabriz 60 RAJ  Navinfar 210x150,1,99900,https://cdn.shopify.com/s/files/1/0608/7108/2233/products/8db1b0_39dbfd8b2bb44a5bb10d423ca5a3e723_mv2.jpg?v=1675131838,150,210
ghom-qum-211x140,(SOLGT) Ghom - Qum 211x140,0,99900,https://cdn.shopify.com/s/files/1/0608/7108/2233/products/8db1b0_29a25e295fdc48cdab4e07e6587bf116_mv2.jpg?v=1675131824,140,211
nain-fine-med-silke-9la-204x126,Nain FINE med silke 9LA 204x126,1,14900,https://cdn.shopify.com/s/files/1/0608/7108/2233/products/8db1b0_f9119fce7f554253a303205c56f356ec_mv2.jpg?v=1675131813,126,204
bidjar-halvaei-196x129,Bidjar Halvaei 194x129,1,19900,https://cdn.shopify.com/s/files/1/0608/7108/2233/products/8db1b0_0fb40386d71549b4af3811b420b4903a_mv2.jpg?v=1675131805,129,194
tabriz-40-raj-181x150,Tabriz 40 RAJ 181x150,2,19900,https://cdn.shopify.com/s/files/1/0608/7108/2233/products/8db1b0_52466f2b4bad4596a96bdbfe5c8656b4_mv2.jpg?v=1675131796,150,181
mashad-158x105,Mashad 158x105,1,6990,https://cdn.shopify.com/s/files/1/0608/7108/2233/products/8db1b0_81c89a80a9004d76bbd4edc9d8f5a1d6_mv2.jpg?v=1675131787,105,158
kazak-163x108,(SOLGT) Kazak 163x108,0,3990,https://cdn.shopify.com/s/files/1/0608/7108/2233/products/8db1b0_6bcdbd7f347445a7a648b4a44f50a440_mv2.jpg?v=1675131778,108,163
gholtough-147x103,Gholtough 147x103,1,5990,https://cdn.shopify.com/s/files/1/0608/7108/2233/products/8db1b0_2dddd14ed58c43a88fc08bf2fee3cfe6_mv2.jpg?v=1675131768,103,147
nain-kashmar-135x90,Nain  Kashmar 135x90,1,3990,https://cdn.shopify.com/s/files/1/0608/7108/2233/products/8db1b0_cbc67ef232ea4e88bbbd672009d87450_mv2.jpg?v=1675131758,90,135
ziegler-160x94,Ziegler  160x94,1,3990,https://cdn.shopify.com/s/files/1/0608/7108/2233/products/8db1b0_8ba9ddc6425040baa562a9c892425cbb_mv2.jpg?v=1675131748,94,160
old-turkeman-140x106,(SOLGT) OLD Turkeman 140x106,-1,9900,https://cdn.shopify.com/s/files/1/0608/7108/2233/products/8db1b0_a9a04a3a81854d389a1417ffd76cf270_mv2.jpg?v=1675131737,106,140
pakistansk-maharaje-156x93,"Pakistansk ""MAHARAJE"" 156x93",1,19900,https://cdn.shopify.com/s/files/1/0608/7108/2233/products/8db1b0_943eb48ae657469894c60cbf006b0ce7_mv2.jpg?v=1675131702,93,156
tabriz-40-raj-med-silke-148x106,Tabriz 40 RAJ med silke 148x106,1,7900,https://cdn.shopify.com/s/files/1/0608/7108/2233/products/8db1b0_16a76dc959574284ab0ce9c41742d257_mv2.jpg?v=1675131692,106,148
ghom-qum-158x112,Ghom - Qum 158x112,1,9990,https://cdn.shopify.com/s/files/1/0608/7108/2233/products/8db1b0_63186ec7a6d14e1092c456ce72cefa0f_mv2.jpg?v=1675131683,112,158
senneh-152x124,(SOLGT) Senneh 152x124,-1,5990,https://cdn.shopify.com/s/files/1/0608/7108/2233/products/8db1b0_f5373b3301634a5faa335e7c8e37d650_mv2.jpg?v=1675131673,124,152
bakhtiar-fardonbeh-153x108,"Bakhtiar ""FARDONBEH"" 153x108",1,12900,https://cdn.shopify.com/s/files/1/0608/7108/2233/products/8db1b0_1496542e1a914291af807208ef1365bc_mv2.jpg?v=1675131657,108,153
bidjar-rose-motiv-163x113,"Bidjar ""Rose motiv"" 163x113",1,12900,https://cdn.shopify.com/s/files/1/0608/7108/2233/products/8db1b0_cb5f5bf2bc2d4d889ef6af202f02f7f0_mv2.jpg?v=1675131648,113,163
bakhtiar-fine-147x96,"Bakhtiar ""FINE"" 147x96",1,7900,https://cdn.shopify.com/s/files/1/0608/7108/2233/products/8db1b0_74c7ce01767e47d0b28f265a70a2b93c_mv2.jpg?v=1675131614,96,147
antikk-sarough-154x100,Antikk Sarough 154x100,1,9900,https://cdn.shopify.com/s/files/1/0608/7108/2233/products/8db1b0_ca6e044368cb4e05b7b613edd078b8d9_mv2.jpg?v=1675131604,100,154
sarough-fine-157x105,"Sarough ""FINE"" 157x105",1,12800,https://cdn.shopify.com/s/files/1/0608/7108/2233/products/8db1b0_df986ee7e3dc45be9ebe5897960aaf2c_mv2.jpg?v=1675131594,105,157
moud-mahi-146x101,(SOLGT) Moud Mahi 146x101,0,7990,https://cdn.shopify.com/s/files/1/0608/7108/2233/products/8db1b0_c94e095085ac495290a2e88ea48e427f_mv2.jpg?v=1675131585,101,146
tabriz-mahi-50raj-155x105,Tabriz Mahi 50RAJ 155x105,1,15900,https://cdn.shopify.com/s/files/1/0608/7108/2233/products/8db1b0_f4d8d0d10a2f402c858ebc7a6528e728_mv2.jpg?v=1675131575,105,155
senneh-aroosaki-152x124,"Senneh ""Aroosaki"" 152x124",1,24990,https://cdn.shopify.com/s/files/1/0608/7108/2233/products/8db1b0_15d42d0371f44cf089d44ee8e819425a_mv2.jpg?v=1675131562,124,152
tabriz-naghshah-160x100,"Tabriz ""Naghshah"" 160x100",1,14900,https://cdn.shopify.com/s/files/1/0608/7108/2233/products/8db1b0_7dcdc1adfb2a4090b8ecc0ae4cf8ed67_mv2.jpg?v=1675131550,100,160
tabriz-60raj-khatibi-155x100,"Tabriz 60RAJ ""KHATIBI"" 155x100",1,39900,https://cdn.shopify.com/s/files/1/0608/7108/2233/products/8db1b0_47f576e5b1094e14974728bf30e3221d_mv2.jpg?v=1675131538,100,155
sarough-fine-153x98,"Sarough ""FINE"" 153x98",1,12900,https://cdn.shopify.com/s/files/1/0608/7108/2233/products/8db1b0_a7afbba379b847609d3397166d187963_mv2.jpg?v=1675131525,98,153
ghoultugh-152x100,Ghoultugh 152x100,1,5990,https://cdn.shopify.com/s/files/1/0608/7108/2233/products/8db1b0_d4b1d2d70d30456f95af4ac776a3e747_mv2.jpg?v=1675131491,100,152
bakhtiar-152x115,Bakhtiar 152x115,1,12400,https://cdn.shopify.com/s/files/1/0608/7108/2233/products/8db1b0_a74e1ad10c6648cba015e17585fe2d5c_mv2.png?v=1675131470,115,152
isfahan-160x97,Isfahan 160x97,1,7900,https://cdn.shopify.com/s/files/1/0608/7108/2233/products/8db1b0_10a12b25a0d243a5aca9dd8ffaa55b76_mv2.jpg?v=1675131460,97,160
nain-kashmar-84x56,Nain Kashmar 84x56,-1,1490,https://cdn.shopify.com/s/files/1/0608/7108/2233/products/8db1b0_1ff95f16e69e4905a67671b122feaafc_mv2.png?v=1675131449,56,84
ziegler-87x62,(SOLGT) Ziegler 87x62,-1,1490,https://cdn.shopify.com/s/files/1/0608/7108/2233/products/8db1b0_e4e9d0060a1f4383b5cf645de0cf3784_mv2.png?v=1675131443,62,87
tabriz-50-raj-73x50,(SOLGT) Tabriz 50 raj 73x50,0,6990,https://cdn.shopify.com/s/files/1/0608/7108/2233/products/tabriz-50-raj-73x50-502170.png?v=1675154837,50,73
nain-kashmar-88x60,Nain Kashmar 88x60,0,1490,https://cdn.shopify.com/s/files/1/0608/7108/2233/products/8db1b0_ad33552570e24d8597faa19447cb46c6_mv2.png?v=1675131420,60,88
ziegler-95x65,(SOLGT) Ziegler 95x65,-1,1990,https://cdn.shopify.com/s/files/1/0608/7108/2233/products/ziegler-95x65-170383.png?v=1675154856,65,95
sarough-76x66,Sarough 76x66,1,5900,https://cdn.shopify.com/s/files/1/0608/7108/2233/products/8db1b0_9e3bee40bb6d4a7182f76646e1b220bf_mv2.png?v=1675131408,66,76
senneh-97x62,Senneh 97x62,2,3990,https://cdn.shopify.com/s/files/1/0608/7108/2233/products/8db1b0_0bb1d24f4c1f484987158b7d5028de67_mv2.png?v=1675131402,62,97
ziegler-98x63,Ziegler 98x63,-1,1990,https://cdn.shopify.com/s/files/1/0608/7108/2233/products/8db1b0_5eb465693e44493aa82cf1237416bbbc_mv2.png?v=1675131395,63,98
ziegler-88x63,Ziegler 88x63,0,2490,https://cdn.shopify.com/s/files/1/0608/7108/2233/products/ziegler-88x63-927769.png?v=1675154856,63,88
ghom-qum-100x75,Ghom - Qum 100x75,1,3800,https://cdn.shopify.com/s/files/1/0608/7108/2233/products/8db1b0_5fceebfa82b643a4809f4439d39eaade_mv2.png?v=1675131383,75,100
tabriz-50-mahi-98x61-solgt,Tabriz 50 mahi 98x61 (SOLGT),-1,7990,https://cdn.shopify.com/s/files/1/0608/7108/2233/products/8db1b0_84998677aad84795b7c8d92282d9fd79_mv2.png?v=1675131376,61,98
ziegler-89x60,(SOLGT) Ziegler 89x60,0,2490,https://cdn.shopify.com/s/files/1/0608/7108/2233/products/ziegler-89x60-574156.png?v=1675154856,60,89
baluch-171x96,(SOLGT) Baluch 171x96,0,5990,https://cdn.shopify.com/s/files/1/0608/7108/2233/products/8db1b0_85de02bd789448e0bba2c06bbaa5fe26_mv2.jpg?v=1675131337,96,171
bidjar-fine-tekab-228x147-solgt,Bidjar FINE Tekab 228x147 (SOLGT),-1,59990,https://cdn.shopify.com/s/files/1/0608/7108/2233/products/8db1b0_127a31631d2c4a2c9632098591ed3561_mv2.jpg?v=1675131330,147,228
bidjar-224x142,(SOLGT) Bidjar 224x142,0,19900,https://cdn.shopify.com/s/files/1/0608/7108/2233/products/8db1b0_0ce3b0853d584475b12ae45058578e1a_mv2.jpg?v=1675131316,142,224
bidjar-223x140,(SOLGT) Bidjar FINE 223x140,-1,24990,https://cdn.shopify.com/s/files/1/0608/7108/2233/products/8db1b0_e0743c56435d432cb76a1ef8dc1c3046_mv2.jpg?v=1675131303,140,223
bidjar-zandjan-155x88,(SOLGT) Bidjar Zandjan 155x88,-1,7990,https://cdn.shopify.com/s/files/1/0608/7108/2233/products/8db1b0_cefe4123b9324034b175387e0c893425_mv2.jpg?v=1675131290,88,155
bidjar-zandjan-155x86,(SOLGT) Bidjar Zandjan 155x86,-1,6990,https://cdn.shopify.com/s/files/1/0608/7108/2233/products/8db1b0_b77c080cdede4bca8f3fdccbfc615a58_mv2.jpg?v=1675131280,86,155
gabbeh-fine-149x100-solgt,Gabbeh fine 149x100 (SOLGT),-1,6990,https://cdn.shopify.com/s/files/1/0608/7108/2233/products/8db1b0_84574ae70068430183bd72503e1a0694_mv2.jpg?v=1675131267,100,149
isfahan-mehrabi-244x164-solgt,Isfahan MEHRABI 244x164 (SOLGT),-1,89900,https://cdn.shopify.com/s/files/1/0608/7108/2233/products/8db1b0_54752f885fdd4bff8656c517c86928bd_mv2.jpg?v=1675131253,164,244
isfahan-med-amini-signatur-166x103,Isfahan med AMINI signatur 166x103,1,49900,https://cdn.shopify.com/s/files/1/0608/7108/2233/products/8db1b0_b70c61a594cd4763be349d975793bfa9_mv2.jpg?v=1675131229,103,166
ekte-persisk-isfahan-mehrabi-199x132,"(SOLGT)Ekte persisk Isfahan ""MEHRABI"" 199x132",0,69900,https://cdn.shopify.com/s/files/1/0608/7108/2233/products/8db1b0_16f1c2fca5604273a349223cdc977139_mv2.jpg?v=1675131211,132,199
qashqai-148x105,Qashqai 148x105,1,3990,https://cdn.shopify.com/s/files/1/0608/7108/2233/products/8db1b0_dfa53acc1b7f47b78bb26f846ad6d0cf_mv2.jpg?v=1675131198,105,148
keshan-fine-210x141,(SOLGT) Keshan FINE 210x141,0,19900,https://cdn.shopify.com/s/files/1/0608/7108/2233/products/8db1b0_fd8de6f3292649f8a24b3a81574d767e_mv2.jpg?v=1675131186,141,210
mahal-284x200,Mahal 284x200,1,14900,https://cdn.shopify.com/s/files/1/0608/7108/2233/products/8db1b0_38b3ec4dd1e5437d877f7d1dd65174a4_mv2.jpg?v=1675131159,200,284
mahal-306x202,Mahal 306x202,1,14900,https://cdn.shopify.com/s/files/1/0608/7108/2233/products/8db1b0_c32048ac39fd4b04aea1b5b25215e743_mv2.jpg?v=1675131146,202,306
mashad-293x193,( SOLGT)Mashad 293x193,1,15900,https://cdn.shopify.com/s/files/1/0608/7108/2233/products/8db1b0_8a48da69e07e44619c65d057b757240f_mv2.jpg?v=1675131133,193,293
moud-garden-236x170,(SOLGT) Moud Garden 236x170,0,29990,https://cdn.shopify.com/s/files/1/0608/7108/2233/products/8db1b0_9a95002e5ff94dd18eeabf7ff3788972_mv2.jpg?v=1675131119,170,236
moud-mahi-201x152,(SOLGT) Moud Mahi 201x152,0,19990,https://cdn.shopify.com/s/files/1/0608/7108/2233/products/8db1b0_c6617d605517406f9ba3605e92f3bb71_mv2.jpg?v=1675131106,152,201
moud-mahi-145x75-solgt,Moud Mahi 145x75 (SOLGT),-1,7990,https://cdn.shopify.com/s/files/1/0608/7108/2233/products/8db1b0_316d5f14e5f549648aa7d4e347fe9b4b_mv2.jpg?v=1675131062,75,145
moud-mahi-194x83,Moud Mahi 194x83,1,5900,https://cdn.shopify.com/s/files/1/0608/7108/2233/products/8db1b0_0bf65772c83740b3a8c618e6fcec1751_mv2.jpg?v=1675131054,83,194
nain-fine-m-silke-150x104,Nain Fine m-silke 150x104,1,9990,https://cdn.shopify.com/s/files/1/0608/7108/2233/products/8db1b0_a9e6b81d477f4a5b9ed777e592f64d0e_mv2.jpg?v=1675131035,104,150
nain-kashmar-212x150,Nain Kashmar 212x150,1,12990,https://cdn.shopify.com/s/files/1/0608/7108/2233/products/8db1b0_3cc064644a6449b5bbb21703c35fca36_mv2.jpg?v=1675131012,150,212
nain-kashmar-237x170,Nain Kashmar 237x170,1,14900,https://cdn.shopify.com/s/files/1/0608/7108/2233/products/8db1b0_a3121441e3504dfea8f2456af5bc9b1d_mv2.jpg?v=1675130999,170,237
nain-kashmar-195x79,Nain Kashmar 195x79,1,5990,https://cdn.shopify.com/s/files/1/0608/7108/2233/products/8db1b0_2483d6e3b47948bb9b7e8e13812a8cd4_mv2.jpg?v=1675130987,79,195
nain-kashmar-197x77,Nain Kashmar 197x77,1,5990,https://cdn.shopify.com/s/files/1/0608/7108/2233/products/8db1b0_07c23cf4deca48afbe31d857b1b1b831_mv2.jpg?v=1675130973,77,197
old-afghan-150x101,Old Afghan 150x101,1,3990,https://cdn.shopify.com/s/files/1/0608/7108/2233/products/8db1b0_aa9810fde2074bac90904603c6d36a6a_mv2.jpg?v=1675130949,101,150
sarough-sherkat-201x130,Sarough Sherkat 201x130,1,13990,https://cdn.shopify.com/s/files/1/0608/7108/2233/products/8db1b0_be26a218e9324d01b219567dcf848103_mv2.jpg?v=1675130938,130,201
sarough-sherkat-218x136,Sarough Sherkat 218x136,1,14900,https://cdn.shopify.com/s/files/1/0608/7108/2233/products/8db1b0_c45ab1532ba34d8c992562b417f52b69_mv2.jpg?v=1675130925,136,218
senneh-157x127,(SOLGT) Senneh 157x127,0,9990,https://cdn.shopify.com/s/files/1/0608/7108/2233/products/8db1b0_ee1bec729b8d40b8bbd02ca2995dd30f_mv2.jpg?v=1675130904,127,157
senneh-162x125,Senneh 162x125,1,7990,https://cdn.shopify.com/s/files/1/0608/7108/2233/products/8db1b0_72bbb70571a64bbc9d70aa4ef5b139d2_mv2.jpg?v=1675130891,125,162
senneh-151x126,Senneh 151x126,1,5990,https://cdn.shopify.com/s/files/1/0608/7108/2233/products/8db1b0_a5deb452166f4831a7a72828488533e9_mv2.jpg?v=1675130849,126,151
tabriz-294x204-solgt,Tabriz 294x204 (SOLGT),-1,29990,https://cdn.shopify.com/s/files/1/0608/7108/2233/products/8db1b0_4af95e5708b2408bbb3fc142645d9b7b_mv2.jpg?v=1675130837,204,294
tabriz-304x198,Tabriz 304x198,1,19900,https://cdn.shopify.com/s/files/1/0608/7108/2233/products/8db1b0_9f7a907c578e4bc29e36327908fe7396_mv2.jpg?v=1675130824,198,304
turkeman-fine-150x107,(SOLGT) Turkeman Fine 150x107,-1,3990,https://cdn.shopify.com/s/files/1/0608/7108/2233/products/8db1b0_c7d5abc106314d06b1d55c0dcc0dbf34_mv2.jpg?v=1675130810,107,150
turkeman-fine-206x85,(SOLGT) Turkeman Fine 206x85,-1,5990,https://cdn.shopify.com/s/files/1/0608/7108/2233/products/8db1b0_196fcfbe34674436a5921c7e0aa9792e_mv2.jpg?v=1675130795,85,206
turkeman-fine-188x83,Turkeman Fine 188x83,0,5990,https://cdn.shopify.com/s/files/1/0608/7108/2233/products/8db1b0_1dd7b4168b644bbd8ecfef72e4455d7d_mv2.jpg?v=1675130781,83,188
turkeman-fine-192x83,Turkeman Fine 192x83,0,7990,https://cdn.shopify.com/s/files/1/0608/7108/2233/products/8db1b0_2588d59e93d0487685998aeeb20f79be_mv2.jpg?v=1675130769,83,192
nain-320x211-solgt,Nain 320x211 (SOLGT),-1,145763,https://cdn.shopify.com/s/files/1/0608/7108/2233/products/22b7a5_261d3e487fc04cff8e9f38bb7bab9125_mv2.jpg?v=1675130754,211,320
nain-232x155-solgt,Nain 232x155 (SOLGT),-1,77742,https://cdn.shopify.com/s/files/1/0608/7108/2233/products/22b7a5_06377e7767a6496089737d461c9009e3_mv2.jpg?v=1675130739,155,232
ardabil-sherkat-262x169,(SOLGT) Ardabil Sherkat 262x169,0,24900,https://cdn.shopify.com/s/files/1/0608/7108/2233/products/22b7a5_8195ce13660d44c2ae54f6ddcb8ead35_mv2.jpg?v=1675130716,169,262
sarough-sherkat-196x142,Sarough Sherkat 196x142,1,19900,https://cdn.shopify.com/s/files/1/0608/7108/2233/products/22b7a5_de6b55c77c0d4976a424eb1470eaba17_mv2.jpg?v=1675130703,142,196
senneh-168x125,(SOLGT) Senneh 168x125,0,9990,https://cdn.shopify.com/s/files/1/0608/7108/2233/products/22b7a5_0147247040e44c5488db086b1faab289_mv2.jpg?v=1675130691,125,168
senneh-173x124,(SOLGT) Senneh 173x124,0,9990,https://cdn.shopify.com/s/files/1/0608/7108/2233/products/22b7a5_f3d91bb1d5d943008854811bbe47d8c3_mv2.jpg?v=1675130686,124,173
yalameh-153x103-solgt,Yalameh 153x103 (SOLGT),-1,8990,https://cdn.shopify.com/s/files/1/0608/7108/2233/products/22b7a5_7295edcabd594d8d922119f73be6d290_mv2.jpg?v=1675130672,103,153
kashgai-147x110,Kashgai 147x110,1,3990,https://cdn.shopify.com/s/files/1/0608/7108/2233/products/22b7a5_3e94b475d72f4736a87c3e48b13a9398_mv2.jpg?v=1675130658,110,147
ekte-persisk-tabriz-mahi-50-raj-212x150,Ekte persisk Tabriz MAHI 50 RAJ 212x150,1,39900,https://cdn.shopify.com/s/files/1/0608/7108/2233/products/22b7a5_6f906af1b03042d88ce3481296bb82b0_mv2.jpg?v=1675130632,150,212
isfehan-237x156,Isfehan 237x156,1,79900,https://cdn.shopify.com/s/files/1/0608/7108/2233/products/22b7a5_a35065b7bc7b4e5482fb54c68572a237_mv2.jpg?v=1675130619,156,237
bidjar-tekab-m-silke-265x168,(SOLGT) Bidjar Tekab m-silke 265x168,0,79990,https://cdn.shopify.com/s/files/1/0608/7108/2233/products/22b7a5_3a271e53a93e475899275ce88cadfce3_mv2.jpg?v=1675130604,168,265
shall-collcetion-90x60,(SOLGT) Shall Collcetion 90x60,0,3990,https://cdn.shopify.com/s/files/1/0608/7108/2233/products/22b7a5_45013918f26847118add138dcfab0ddb_mv2.jpg?v=1675130591,60,90
shall-collcetion-90x59,(SOLGT) Shall Collcetion 90x59,0,3990,https://cdn.shopify.com/s/files/1/0608/7108/2233/products/22b7a5_cf1bdfacac654951a95dedd04b3235eb_mv2.jpg?v=1675130583,59,90
shall-collection-95x60,(SOLGT) Shall collection 95x60,0,3990,https://cdn.shopify.com/s/files/1/0608/7108/2233/products/22b7a5_e8ef661578314093ab8c277247fb89bb_mv2.jpg?v=1675130574,60,95
shahreza-sherkat-198x125,Shahreza Sherkat 198x125,1,15800,https://cdn.shopify.com/s/files/1/0608/7108/2233/products/22b7a5_9970895522de48ba878c6605e2eefde3_mv2.jpg?v=1675130563,125,198
nain-kashmar-91x58,Nain Kashmar 91x58,1,1990,https://cdn.shopify.com/s/files/1/0608/7108/2233/products/22b7a5_3dd9b238ca574546a8a0c2ddf9d98e56_mv2.jpg?v=1675130551,58,91
nain-kashmar-84x58,Nain Kashmar 84x58,-1,1990,https://cdn.shopify.com/s/files/1/0608/7108/2233/products/22b7a5_9d6f96e55d494554a55a3c4a57f8b5fb_mv2.jpg?v=1675130546,58,84
nain-kashmar-91x60,Nain Kashmar 91x60,1,1990,https://cdn.shopify.com/s/files/1/0608/7108/2233/products/22b7a5_d8b467005cf44a59b8831fb4d6e8d7ef_mv2.jpg?v=1675130542,60,91
nain-kashmar-90x58,Nain Kashmar 90x58,-1,1990,https://cdn.shopify.com/s/files/1/0608/7108/2233/products/22b7a5_2c0aba41a30a4773b79c75360ca2085b_mv2.jpg?v=1675130538,58,90
nain-kashmar-204x76,Nain Kashmar 204x76,1,5990,https://cdn.shopify.com/s/files/1/0608/7108/2233/products/22b7a5_123f0656f5664d7f9f676434c097278e_mv2.jpg?v=1675130533,76,204
nain-kashmar-88x58,Nain Kashmar 88x58,1,1990,https://cdn.shopify.com/s/files/1/0608/7108/2233/products/22b7a5_49d4856991a34a9281fa21af850e0898_mv2.jpg?v=1675130516,58,88
kamseh-293x108,Kamseh 293x108,1,6990,https://cdn.shopify.com/s/files/1/0608/7108/2233/products/22b7a5_e6a1b097f0d343029af4dc012eaee7d5_mv2.jpg?v=1675130512,108,293
balutch-180x101,Balutch 180x101,1,4500,https://cdn.shopify.com/s/files/1/0608/7108/2233/products/22b7a5_8d5bb848f874417f884a097aa4745cd4_mv2.jpg?v=1675130500,101,180
turkeman-fine-150x106,Turkeman Fine 150x106,1,3990,https://cdn.shopify.com/s/files/1/0608/7108/2233/products/22b7a5_71d88723542c4dbabbcd01c9f06a0ffc_mv2.jpg?v=1675130494,106,150
turkeman-fine-151x103,(SOLGT) Turkeman Fine 151x103,-1,6990,https://cdn.shopify.com/s/files/1/0608/7108/2233/products/22b7a5_0faf8872f8ab4ecfa788cd4add91d655_mv2.jpg?v=1675130480,103,151
srinagar-silk-120x81-solgt,Srinagar Silk 120x81 (SOLGT),-1,9990,https://cdn.shopify.com/s/files/1/0608/7108/2233/products/22b7a5_e65ff468f26b4e36948349dbe68c1d8f_mv2.jpg?v=1675130467,81,120
yalameh-101x63,Yalameh 101x63,-1,1990,https://cdn.shopify.com/s/files/1/0608/7108/2233/products/22b7a5_b008a58ebbcd405eaf7e5fa8f521685c_mv2.jpg?v=1675130460,63,101
yalameh-100x60,(SOLGT) Yalameh 100x60,-1,1990,https://cdn.shopify.com/s/files/1/0608/7108/2233/products/22b7a5_220b6b6e1bab4aeaafd18486a6f63602_mv2.jpg?v=1675130455,60,100
yalameh-105x62,(SOLGT) Yalameh 105x62,-1,1990,https://cdn.shopify.com/s/files/1/0608/7108/2233/products/22b7a5_46e60043b0a9445eb63bee0e179322be_mv2.jpg?v=1675130451,62,105
yalameh-99x64,(SOLGT) Yalameh 99x64,-1,1990,https://cdn.shopify.com/s/files/1/0608/7108/2233/products/22b7a5_6e518463cb49402abb4e2b9caeb9cfa0_mv2.jpg?v=1675130447,64,99
yalameh-130x81,Yalameh 130x81,1,3990,https://cdn.shopify.com/s/files/1/0608/7108/2233/products/22b7a5_dab61c56584b4c7dba9e9600d9105040_mv2.jpg?v=1675130443,81,130
ekte-persisk-senneh-kelim-244x160,Ekte persisk Senneh Kelim 244x160,1,9900,https://cdn.shopify.com/s/files/1/0608/7108/2233/products/22b7a5_b8f5ec88b08645d89a4edc7fd0249240_mv2.jpg?v=1675130411,160,244
ardebil-sherkat-270x167-solgt,Ardebil Sherkat 270x167 (SOLGT),-1,24900,https://cdn.shopify.com/s/files/1/0608/7108/2233/products/22b7a5_7aaa437b16ce4d53a2bcee59b6e1eee5_mv2.jpg?v=1675130394,167,270
borchaloo-212x144,(SOLGT) Borchaloo 212x144,0,19900,https://cdn.shopify.com/s/files/1/0608/7108/2233/products/22b7a5_acd5959f6c9a47af97c37a6ff458deab_mv2.jpg?v=1675130382,144,212
bidjar-252x171,Bidjar 252x171,1,29900,https://cdn.shopify.com/s/files/1/0608/7108/2233/products/22b7a5_376595669a0e4615b33c986f3819970e_mv2.jpg?v=1675130358,171,252
ekte-persisk-gabbeh-193x153,Ekte persisk Gabbeh FINE 193x153,1,9900,https://cdn.shopify.com/s/files/1/0608/7108/2233/products/22b7a5_0139288948ae41128d85ba7340f7bb59_mv2.jpg?v=1675130323,153,193
ekte-persisk-senneh-348x90,Ekte persisk Senneh 348x90,1,14900,https://cdn.shopify.com/s/files/1/0608/7108/2233/products/22b7a5_a5186908e50c43db94a68c23020a2471_mv2.jpg?v=1675130276,90,348
sarough-421x82,Sarough 421x82,1,19900,https://cdn.shopify.com/s/files/1/0608/7108/2233/products/22b7a5_3f8061e6a47749e1b95c3e8661777294_mv2.jpg?v=1675130262,82,421
ekte-persisk-gabbeh-200x148,Ekte persisk Gabbeh 200x148,1,12900,https://cdn.shopify.com/s/files/1/0608/7108/2233/products/22b7a5_04b7cc2c25964b07ad0ae9a04e32b7ec_mv2.jpg?v=1675130247,148,200
kashgai-192x86,Kashgai 192x86,1,3990,https://cdn.shopify.com/s/files/1/0608/7108/2233/products/22b7a5_7477f23cd7434e57ba398dfc99dd606e_mv2.jpg?v=1675130195,86,192
ekte-persisk-gholtugh-138x80,Ekte persisk Gholtugh 138x80,1,5990,https://cdn.shopify.com/s/files/1/0608/7108/2233/products/22b7a5_4368f6da13164fa3a359937b09f23ce0_mv2.jpg?v=1675130183,80,138
shahsavan-192x102-solgt,Shahsavan 192x102 (SOLGT),-1,7990,https://cdn.shopify.com/s/files/1/0608/7108/2233/products/22b7a5_fcd02287cd26470cbe551115049e53d0_mv2.jpg?v=1675130160,102,192
ekte-persisk-old-kelim-228x77,Ekte persisk Old kelim 228x77,1,4990,https://cdn.shopify.com/s/files/1/0608/7108/2233/products/22b7a5_659a4702e8bb4463b0358f468ddd9344_mv2.jpg?v=1675130147,77,228
ekte-persisk-old-kelim-198x147,Ekte persisk Old kelim 198x147,1,7990,https://cdn.shopify.com/s/files/1/0608/7108/2233/products/22b7a5_8751db77d5184f36a4e392c0acb9355a_mv2.jpg?v=1675130137,147,198
nain-kashmar-87x58,Nain Kashmar 87x58,-1,1990,https://cdn.shopify.com/s/files/1/0608/7108/2233/products/22b7a5_725e8360d4a04ce5a4b173003e8bb7f1_mv2.jpg?v=1675130438,58,87
3-ply-pakistansk-115x78,3 Ply pakistansk 115x78,0,2990,https://cdn.shopify.com/s/files/1/0608/7108/2233/products/22b7a5_2b374047098344308a7a580ccc36e968_mv2.jpg?v=1675130429,78,115
old-afghan-90x60-1,Old Afghan 90x60,1,1990,https://cdn.shopify.com/s/files/1/0608/7108/2233/products/old-afghan-90x60-797782.jpg?v=1675154835,60,90
old-afghan-90x60,Old Afghan 90x60,1,1990,https://cdn.shopify.com/s/files/1/0608/7108/2233/products/22b7a5_1b4452b0843f4972b2bc510ded5ab7b5_mv2.jpg?v=1675130421,60,90
keshan-100x66,(SOLGT) Keshan 100x66,1,1900,https://cdn.shopify.com/s/files/1/0608/7108/2233/products/22b7a5_025d77fd8dc0428691804efda133064a_mv2.jpg?v=1675130310,66,100
fine-sarough-80x63,FINE Sarough 80x63,1,2990,https://cdn.shopify.com/s/files/1/0608/7108/2233/products/22b7a5_e9872ff7126944259d71ed0677da28c0_mv2.jpg?v=1675130306,63,80
fine-sarough-82x63,FINE Sarough 82x63,1,2990,https://cdn.shopify.com/s/files/1/0608/7108/2233/products/22b7a5_e2d7e44e324d4354bb8acf277efa2530_mv2.jpg?v=1675130301,63,82
kerman-95x60,Kerman 95x60,1,3990,https://cdn.shopify.com/s/files/1/0608/7108/2233/products/22b7a5_c2de277ac9ac491e960bc084d87a7b1c_mv2.jpg?v=1675130297,60,95
keshan-90x63,Keshan 90x63,1,2990,https://cdn.shopify.com/s/files/1/0608/7108/2233/products/22b7a5_5a37036dcde94d1b877db7e97ff6339d_mv2.jpg?v=1675130293,63,90
keshan-95x70,Keshan 95x70,1,3990,https://cdn.shopify.com/s/files/1/0608/7108/2233/products/22b7a5_acc7aa71e040478982b0dfb6de16ccc8_mv2.jpg?v=1675130289,70,95
keshan-97x62,Keshan 97x62,1,3990,https://cdn.shopify.com/s/files/1/0608/7108/2233/products/22b7a5_65e2272e11bf488c9537929381389089_mv2.jpg?v=1675130284,62,97
fine-sarough-90x67,FINE Sarough 90x67,1,2990,https://cdn.shopify.com/s/files/1/0608/7108/2233/products/22b7a5_da7eedd3ffce496888b9880d3cf5c7a4_mv2.jpg?v=1675130281,67,90
fine-beluch-117x82,FINE Beluch 117x82,1,1990,https://cdn.shopify.com/s/files/1/0608/7108/2233/products/22b7a5_a45e1924dd2b48a7b12614ab84bc7469_mv2.jpg?v=1675130229,82,117
fine-beluch-140x83,FINE Beluch 140x83,1,34990,https://cdn.shopify.com/s/files/1/0608/7108/2233/products/22b7a5_9ccc6c7d238c453a94068479c69c1732_mv2.jpg?v=1675130215,83,140
fine-beluch-194x100,FINE Beluch 194x100,1,4990,https://cdn.shopify.com/s/files/1/0608/7108/2233/products/22b7a5_ce539c39491243e1bcca6a2b5a4d3fdc_mv2.jpg?v=1675130211,100,194
ekte-persisk-gabbeh-98x60,Ekte persisk Gabbeh 98x60,1,3990,https://cdn.shopify.com/s/files/1/0608/7108/2233/products/22b7a5_c8e18f904bfa40d1a9d1f5a550646167_mv2.jpg?v=1675130204,60,98
ekte-persisk-gabbeh-103x60,Ekte persisk Gabbeh 103x60,1,2990,https://cdn.shopify.com/s/files/1/0608/7108/2233/products/22b7a5_32f82221de8e40878e1c84302f54892c_mv2.jpg?v=1675130199,60,103
